Workbook
Name central: Hostels_Drops!#REF!
Name central: 'Post Offices'!$A$39
Name HostelN: Hostels_Drops!$B$38
Name HostelN: 'Post Offices'!#REF!
Name Hostels: Hostels_Drops!$B$1
Name Hostels: 'Post Offices'!#REF!
Name HostelV: Hostels_Drops!$B$25
Name HostelV: 'Post Offices'!#REF!
Name Legend: Hostels_Drops!#REF!
Name Legend: 'Post Offices'!$A$1
Name mid: Hostels_Drops!#REF!
Name mid: 'Post Offices'!$A$59
Name New: Hostels_Drops!#REF!
Name New: 'Post Offices'!$A$78

Sheet Itinerary-OLD
B1: day | C1: Date | D1: DESTINATION | E1: LOCATION | F1: DAY MILAGE | G1: extra miles | H1: Total milage | I1: average | J1: Next resupply | K1: Notes | L1: 2027
B2: 1 | C2: 46467 | D2: Amicolola Falls SP | E2: -8.8 | F2: 0 | G2: 0 | H2: 0 | I2: =H2/B2 -> 0 | J2: 5
B3: =B2+1 -> 2 | C3: =C2+1 -> 46468 | D3: Springer Mtn | E3: 0.2 | F3: =E3-E2 -> 9 | H3: =H2+F3+G3 -> 9 | I3: =H3/B3 -> 4.5
B4: =B3+1 -> 3 | C4: =C3+1 -> 46469 | D4: Sassafras Mt 10.7mi | E4: 10.7 | F4: =E4-E3 -> 10.5 | H4: =H3+F4+G4 -> 19.5 | I4: =H4/B4 -> 6.5 | K4: Hawk Mt Shelter at 7.6mi. Gooch Mt Shelter 14.9
B5: =B4+1 -> 4 | C5: =C4+1 -> 46470 | D5: Woods Hole Shelter | E5: 26.8 | F5: =E5-E4 -> 16.1 | H5: =H4+F5+G5 -> 35.6 | I5: =H5/B5 -> 8.9 | K5: Blood Mt Shelter 28.1mi
B6: =B5+1 -> 5 | C6: =C5+1 -> 46471 | D6: Neels Gap | E6: 30.5 | F6: =E6-E5 -> 3.7 | H6: =H5+F6+G6 -> 39.3 | J6: 3 | K6: Neels Gap (Walasi-Yi) $18 - accepts mail-drop $$ good selection of food | L6: Update: Destination & Location
B7: =B6+0 -> 5 | C7: =C6+0 -> 46471 | D7: Whitley Gap Shelter | E7: 36.7 | F7: =E7-E6 -> 6.2 | H7: =H6+F7+G7 -> 45.5 | I7: =H7/B7 -> 9.1
B8: =B7+1 -> 6 | C8: =C7+1 -> 46472 | D8: Blue Mountain Shelter | E8: 48.3 | F8: =E8-E7 -> 11.6 | H8: =H7+F8+G8 -> 57.1 | I8: =H8/B8 -> 9.5166667
B9: =B8+1 -> 7 | C9: =C8+1 -> 46473 | D9: Deep Gap Shelter | E9: 63.1 | F9: =E9-E8 -> 14.8 | H9: =H8+F9+G9 -> 71.9 | I9: =H9/B9 -> 10.271429
B10: =B9+1 -> 8 | C10: =C9+1 -> 46474 | D10: Hiawassee | E10: 66.6 | F10: =E10-E9 -> 3.5 | G10: 3.5 | H10: =H9+F10+G10 -> 78.9 | I10: =H10/B10 -> 9.8625 | J10: 6 | K10: Hiawassee (Dick's Creek Gap) - hitch to town to get supplies. Poteats hold mail for over night guests ($17pp) aka Blueberry Patch (3.5 mi). | L10: Dick''s Creek Gap
B11: =B10+1 -> 9 | C11: =C10+1 -> 46475 | D11: Muskrat Creek Shelter | E11: 78.2 | F11: =E11-E10 -> 11.6 | H11: =H10+F11+G11 -> 90.5 | I11: =H11/B11 -> 10.055556
B12: =B11+1 -> 10 | C12: =C11+1 -> 46476 | D12: Carter Gap Shelters | E12: 90.7 | F12: =E12-E11 -> 12.5 | H12: =H11+F12+G12 -> 103 | I12: =H12/B12 -> 10.3
B13: =B12+1 -> 11 | C13: =C12+1 -> 46477 | D13: Rock Gap Shelter | E13: 102.8 | F13: =E13-E12 -> 12.1 | H13: =H12+F13+G13 -> 115.1 | I13: =H13/B13 -> 10.463636
B14: =B13+1 -> 12 | C14: =C13+1 -> 46478 | D14: Wine Spring Bald | E14: 114.8 | F14: =E14-E13 -> 12 | H14: =H13+F14+G14 -> 127.1 | I14: =H14/B14 -> 10.591667
B15: =B14+1 -> 13 | C15: =C14+1 -> 46479 | D15: Wesser Blad Shelter | E15: 128.2 | F15: =E15-E14 -> 13.4 | H15: =H14+F15+G15 -> 140.5 | I15: =H15/B15 -> 10.807692
B16: =B15+1 -> 14 | C16: =C15+1 -> 46480 | D16: Wesser | E16: 133.9 | F16: =E16-E15 -> 5.7 | G16: 0 | H16: =H15+F16+G16 -> 146.2 | I16: =H16/B16 -> 10.442857 | J16: 3 | K16: Nantahala Outdoor Center (NOC) Post Office closes at noon on Saturday. Purchase food.$14pp. Maild drop at NOC
B17: =B16+1 -> 15 | C17: =C16+1 -> 46481 | D17: Brown Fork Gap Shelter | E17: 149.9 | F17: =E17-E16 -> 16 | H17: =H16+F17+G17 -> 162.2 | I17: =H17/B17 -> 10.813333
B18: =B17+1 -> 16 | C18: =C17+1 -> 46482 | D18: Fontana Dam | E18: 161.5 | F18: =E18-E17 -> 11.6 | G18: 2 | H18: =H17+F18+G18 -> 175.8 | I18: =H18/B18 -> 10.9875 | K18: Fontana Dam PO 2mi W. Mail drop
B19: =B18+0 -> 16 | C19: =C18+1-1 -> 46482 | D19: Fontana Dam Shelter | E19: 162.6 | F19: =E19-E18 -> 1.1 | H19: =H18+F19+G19 -> 176.9 | I19: =H19/B19 -> 11.05625 | J19: 7 | K19: Sleep at shelter after re-supply | N19: GSMNP shelters
B20: =B19 -> 16 | C20: =C19+1 -> 46483 | E20: 162.9 | F20: =E20-E19 -> 0.3 | H20: =H19+F20+G20 -> 177.2 | K20: obtain permit for Smoky's | M20: 162.9
B21: =B20 -> 16 | C21: =C20 -> 46483 | D21: GSMNP estimates | E21: 179.3 | F21: =E21-E20 -> 16.4 | H21: =H20+F21+G21 -> 193.6 | I21: =H21/B21 -> 12.1 | L21: =M21-M20 -> 11 | M21: 173.9 | N21: Mollies Ridge Shelter
B22: =B19+1 -> 17 | C22: =C21+1 -> 46484 | D22: see GSMNP on right | E22: 195.7 | F22: =E22-E21 -> 16.4 | H22: =H21+F22+G22 -> 210 | I22: =H22/B22 -> 12.352941 | L22: =M22-M21 -> 2.5 | M22: 176.4 | N22: Russel Ridge Shelter
B23: =B22+1 -> 18 | C23: =C22+1 -> 46485 | D23: must stay in shelters | E23: 214 | F23: =E23-E22 -> 18.3 | H23: =H22+F23+G23 -> 228.3 | I23: =H23/B23 -> 12.683333 | L23: =M23-M22 -> 2.9 | M23: 179.3 | N23: Spence Field Shelter
B24: =B23+1 -> 19 | C24: =C23+1 -> 46486 | E24: 226.9 | F24: =E24-E23 -> 12.9 | H24: =H23+F24+G24 -> 241.2 | I24: =H24/B24 -> 12.694737 | K24: Mountain Momma's ( 234.9) | L24: =M24-M23 -> 6.3 | M24: 185.6 | N24: Derrick Knob shelter
B25: =B24+1 -> 20 | C25: =C24+1 -> 46487 | E25: 244.5 | F25: =E25-E24 -> 17.6 | H25: =H24+F25+G25 -> 258.8 | I25: =H25/B25 -> 12.94 | K25: Standing Bear Farm(237.3) $15 - holds mail drops | L25: =M25-M24 -> 5.5 | M25: 191.1 | N25: Siler's Blad Shelter
B26: =B25+1 -> 21 | C26: =C25+1 -> 46488 | E26: 257.6 | F26: =E26-E25 -> 13.1 | H26: =H25+F26+G26 -> 271.9 | I26: =H26/B26 -> 12.947619 | L26: =M26-M25 -> 1.7 | M26: 192.8 | N26: Double Spring Gap Shelter
B27: =B26+1 -> 22 | C27: =C26+1 -> 46489 | D27: Hot Spring | E27: 270.7 | F27: =E27-E26 -> 13.1 | G27: 0 | H27: =H26+F27+G27 -> 285 | I27: =H27/B27 -> 12.954545 | J27: 6 | K27: Hot spring. Mail drop | L27: =M27-M26 -> 2.9 | M27: 195.7 | N27: Clingmans Dome
B28: =B27+1 -> 23 | C28: =C27+1 -> 46490 | D28: Zero Day | E28: 270.7 | F28: =E28-E27 -> 0 | H28: =H27+F28+G28 -> 285 | I28: =H28/B28 -> 12.391304 | K28: Zero Day in Hot Springs | L28: =M28-M27 -> 3.4 | M28: 199.1 | N28: Mt Collins Shelter
B29: =B28+1 -> 24 | C29: =C28+1 -> 46491 | E29: 270.7 | F29: =E29-E28 -> 0 | H29: =H28+F29+G29 -> 285 | I29: =H29/B29 -> 11.875 | K29: ***** START HERE ***** | L29: =M29-M28 -> 7.5 | M29: 206.6 | N29: Icewater Spring Shelter
B30: =B29+1 -> 25 | C30: =C29+1 -> 46492 | E30: 270.7 | F30: =E30-E29 -> 0 | H30: =H29+F30+G30 -> 285 | I30: =H30/B30 -> 11.4 | K30: *** estimate mail drops only *** | L30: =M30-M29 -> 7.4 | M30: 214 | N30: Pecks Corner Shelter
B31: =B30+1 -> 26 | C31: =C30+1 -> 46493 | E31: 270.7 | F31: =E31-E30 -> 0 | H31: =H30+F31+G31 -> 285 | I31: =H31/B31 -> 10.961538 | K31: shelters.html, hostel.html | L31: =M31-M30 -> 5.2 | M31: 219.2 | N31: Tri-Corner Knob Shelter
B32: =B31+1 -> 27 | C32: =C31+1 -> 46494 | E32: 270.7 | F32: =E32-E31 -> 0 | H32: =H31+F32+G32 -> 285 | I32: =H32/B32 -> 10.555556 | L32: =M32-M31 -> 7.7 | M32: 226.9 | N32: Cosby Knob shelter
B33: =B32+1 -> 28 | C33: =C32+1 -> 46495 | D33: Erwin | E33: 338.7 | F33: =E33-E32 -> 68 | G33: 3.8 | H33: =H32+F33+G33 -> 356.8 | I33: =H33/B33 -> 12.742857 | J33: 5 | K33: Mail Drop 3.8 miles to town (Erwin, TN) | L33: =M33-M32 -> 2.8 | M33: 229.7 | N33: Mt Cammerer Side trail (Fire tower)
B34: =B33+1 -> 29 | C34: =C33+1 -> 46496 | E34: 338.7 | F34: =E34-E33 -> 0 | H34: =H33+F34+G34 -> 356.8 | I34: =H34/B34 -> 12.303448 | L34: =M34-M33 -> 4.3 | M34: 234 | N34: Davenport Gap Shelter
B35: =B34+1 -> 30 | C35: =C34+1 -> 46497 | E35: 338.7 | F35: =E35-E34 -> 0 | H35: =H34+F35+G35 -> 356.8 | I35: =H35/B35 -> 11.893333 | L35: =M35-M34 -> 0.9 | M35: 234.9 | N35: Mountain Momma's
B36: =B35+1 -> 31 | C36: =C35+1 -> 46498 | E36: 338.7 | F36: =E36-E35 -> 0 | H36: =H35+F36+G36 -> 356.8 | I36: =H36/B36 -> 11.509677 | K36: Roan Mountain (Elk Park 385.5)) | L36: =M36-M35 -> 9.6 | M36: 244.5 | N36: Groundhog Creek Shelter
B37: =B36+1 -> 32 | C37: =C36+1 -> 46499 | E37: 338.7 | F37: =E37-E36 -> 0 | H37: =H36+F37+G37 -> 356.8 | I37: =H37/B37 -> 11.15 | L37: =M37-M36 -> 8.2 | M37: 252.7 | N37: Roaring Fork Shelter
B38: =B37+1 -> 33 | C38: =C37+1 -> 46500 | D38: Kincora Hostel | E38: 409.3 | F38: =E38-E37 -> 70.6 | H38: =H37+F38+G38 -> 427.4 | I38: =H38/B38 -> 12.951515 | J38: 4 | K38: Kincora Hostel. Mail Drop. Spend the night | L38: =M38-M37 -> 4.9 | M38: 257.6 | N38: Walnut Mountain Shelter
B39: =B38+1 -> 34 | C39: =C38+1 -> 46501 | E39: 409.3 | F39: =E39-E38 -> 0 | H39: =H38+F39+G39 -> 427.4 | I39: =H39/B39 -> 12.570588 | L39: =M39-M38 -> 9.9 | M39: 267.5 | N39: Deer Park Mountain Shelter
B40: =B39+1 -> 35 | C40: =C39+1 -> 46502 | E40: 409.3 | F40: =E40-E39 -> 0 | H40: =H39+F40+G40 -> 427.4 | I40: =H40/B40 -> 12.211429
B41: =B40+1 -> 36 | C41: =C40+1 -> 46503 | E41: 409.3 | F41: =E41-E40 -> 0 | H41: =H40+F41+G41 -> 427.4 | I41: =H41/B41 -> 11.872222 | L41: =SUM(L21:L39) -> 104.6 | M41: =M39-M20 -> 104.6
B42: =B41+1 -> 37 | C42: =C41+1 -> 46504 | D42: Damascus | E42: 459 | F42: =E42-E41 -> 49.7 | G42: 0 | H42: =H41+F42+G42 -> 477.1 | I42: =H42/B42 -> 12.894595 | J42: 6 | K42: Damascus | L42: Damascus
B43: =B42+1 -> 38 | C43: =C42+1 -> 46505 | E43: 459 | F43: =E43-E42 -> 0 | H43: =H42+F43+G43 -> 477.1 | I43: =H43/B43 -> 12.555263 | K43: Trail Days - 1st weekend after mothers day
B44: =B43+1 -> 39 | C44: =C43+1 -> 46506 | E44: 459 | F44: =E44-E43 -> 0 | H44: =H43+F44+G44 -> 477.1 | I44: =H44/B44 -> 12.233333 | K44: http://www.traildays.info/
B45: =B44+1 -> 40 | C45: =C44+1 -> 46507 | E45: 459 | F45: =E45-E44 -> 0 | H45: =H44+F45+G45 -> 477.1 | I45: =H45/B45 -> 11.9275 | K45: Dickey Gap(church hostel) to Troutdale
B46: =B45+1 -> 41 | C46: =C45+1 -> 46508 | E46: 459 | F46: =E46-E45 -> 0 | H46: =H45+F46+G46 -> 477.1 | I46: =H46/B46 -> 11.636585
B47: =B46+1 -> 42 | C47: =C46+1 -> 46509 | E47: 459 | F47: =E47-E46 -> 0 | H47: =H46+F47+G47 -> 477.1 | I47: =H47/B47 -> 11.359524
B48: =B47+1 -> 43 | C48: =C47+1 -> 46510 | D48: Atkins | E48: 534.8 | F48: =E48-E47 -> 75.8 | G48: 3.8 | H48: =H47+F48+G48 -> 556.7 | I48: =H48/B48 -> 12.946512 | J48: 6 | K48: Atkins. Mail Drop at motel
B49: =B48+1 -> 44 | C49: =C48+1 -> 46511 | E49: 534.8 | F49: =E49-E48 -> 0 | H49: =H48+F49+G49 -> 556.7 | I49: =H49/B49 -> 12.652273
B50: =B49+1 -> 45 | C50: =C49+1 -> 46512 | E50: 534.8 | F50: =E50-E49 -> 0 | H50: =H49+F50+G50 -> 556.7 | I50: =H50/B50 -> 12.371111
B51: =B50+1 -> 46 | C51: =C50+1 -> 46513 | E51: 534.8 | F51: =E51-E50 -> 0 | H51: =H50+F51+G51 -> 556.7 | I51: =H51/B51 -> 12.102174 | K51: Bland
B52: =B51+1 -> 47 | C52: =C51+1 -> 46514 | E52: 534.8 | F52: =E52-E51 -> 0 | H52: =H51+F52+G52 -> 556.7 | I52: =H52/B52 -> 11.844681 | K52: Dismal Falls, wonderful place to camp and swim
B53: =B52+1 -> 48 | C53: =C52+1 -> 46515 | E53: 534.8 | F53: =E53-E52 -> 0 | H53: =H52+F53+G53 -> 556.7 | I53: =H53/B53 -> 11.597917
B54: =B53+1 -> 49 | C54: =C53+1 -> 46516 | D54: Pearisburg | E54: 622.1 | F54: =E54-E53 -> 87.3 | G54: 0 | H54: =H53+F54+G54 -> 644 | I54: =H54/B54 -> 13.142857 | J54: 6 | K54: Pearisburg (church hostel)
B55: =B54+1 -> 50 | C55: =C54+1 -> 46517 | E55: 622.1 | F55: =E55-E54 -> 0 | H55: =H54+F55+G55 -> 644 | I55: =H55/B55 -> 12.88
B56: =B55+1 -> 51 | C56: =C55+1 -> 46518 | E56: 622.1 | F56: =E56-E55 -> 0 | H56: =H55+F56+G56 -> 644 | I56: =H56/B56 -> 12.627451
B57: =B56+1 -> 52 | C57: =C56+1 -> 46519 | E57: 622.1 | F57: =E57-E56 -> 0 | H57: =H56+F57+G57 -> 644 | I57: =H57/B57 -> 12.384615
B58: =B57+1 -> 53 | C58: =C57+1 -> 46520 | E58: 622.1 | F58: =E58-E57 -> 0 | H58: =H57+F58+G58 -> 644 | I58: =H58/B58 -> 12.150943 | K58: VA311, hitch to Catawba, market and Post Office
B59: =B58+1 -> 54 | C59: =C58+1 -> 46521 | E59: 622.1 | F59: =E59-E58 -> 0 | H59: =H58+F59+G59 -> 644 | I59: =H59/B59 -> 11.925926
B60: =B59+1 -> 55 | C60: =C59+1 -> 46522 | D60: Daleville/Troutville | E60: 715.8 | F60: =E60-E59 -> 93.7 | G60: 0 | H60: =H59+F60+G60 -> 737.7 | I60: =H60/B60 -> 13.412727 | J60: 8 | K60: Daleville/Troutville - Kroger near trail | L60: Daleville
B61: =B60+1 -> 56 | C61: =C60+1 -> 46523 | E61: 715.8 | F61: =E61-E60 -> 0 | H61: =H60+F61+G61 -> 737.7 | I61: =H61/B61 -> 13.173214
B62: =B61+1 -> 57 | C62: =C61+1 -> 46524 | E62: 715.8 | F62: =E62-E61 -> 0 | H62: =H61+F62+G62 -> 737.7 | I62: =H62/B62 -> 12.942105
B63: =B62+1 -> 58 | C63: =C62+1 -> 46525 | E63: 715.8 | F63: =E63-E62 -> 0 | H63: =H62+F63+G63 -> 737.7 | I63: =H63/B63 -> 12.718966
B64: =B63+1 -> 59 | C64: =C63+1 -> 46526 | E64: 715.8 | F64: =E64-E63 -> 0 | H64: =H63+F64+G64 -> 737.7 | I64: =H64/B64 -> 12.50339 | K64: Big Island, VA 24526 | L64: Glasgow
B65: =B64+1 -> 60 | C65: =C64+1 -> 46527 | E65: 715.8 | F65: =E65-E64 -> 0 | H65: =H64+F65+G65 -> 737.7 | I65: =H65/B65 -> 12.295
B66: =B65+1 -> 61 | C66: =C65+1 -> 46528 | E66: 715.8 | F66: =E66-E65 -> 0 | H66: =H65+F66+G66 -> 737.7 | I66: =H66/B66 -> 12.093443
B67: =B66+1 -> 62 | C67: =C66+1 -> 46529 | E67: 715.8 | F67: =E67-E66 -> 0 | H67: =H66+F67+G67 -> 737.7 | I67: =H67/B67 -> 11.898387
B68: =B67+1 -> 63 | C68: =C67+1 -> 46530 | D68: Waynesboro | E68: 848.4 | F68: =E68-E67 -> 132.6 | G68: 4.5 | H68: =H67+F68+G68 -> 874.8 | I68: =H68/B68 -> 13.885714 | J68: 5 | K68: Waynesboro (Kroger nearby) | L68: Rockfish Gap (church hostel)
B69: =B68+1 -> 64 | C69: =C68+1 -> 46531 | E69: 848.4 | F69: =E69-E68 -> 0 | H69: =H68+F69+G69 -> 874.8 | I69: =H69/B69 -> 13.66875
B70: =B69+1 -> 65 | C70: =C69+1 -> 46532 | E70: 848.4 | F70: =E70-E69 -> 0 | H70: =H69+F70+G70 -> 874.8 | I70: =H70/B70 -> 13.458462
B71: =B70+1 -> 66 | C71: =C70+1 -> 46533 | E71: 848.4 | F71: =E71-E70 -> 0 | H71: =H70+F71+G71 -> 874.8 | I71: =H71/B71 -> 13.254545
B72: =B71+1 -> 67 | C72: =C71+1 -> 46534 | E72: 848.4 | F72: =E72-E71 -> 0 | H72: =H71+F72+G72 -> 874.8 | I72: =H72/B72 -> 13.056716
B73: =B72+1 -> 68 | C73: =C72+1 -> 46535 | D73: Linden | E73: 961.8 | F73: =E73-E72 -> 113.4 | G73: 0 | H73: =H72+F73+G73 -> 988.2 | I73: =H73/B73 -> 14.532353 | J73: 4 | K73: Front Royal (buy) or Linden (maildrop) | L73: Linden, 522 crossing
B74: =B73+1 -> 69 | C74: =C73+1 -> 46536 | E74: 961.8 | F74: =E74-E73 -> 0 | H74: =H73+F74+G74 -> 988.2 | I74: =H74/B74 -> 14.321739
B75: =B74+1 -> 70 | C75: =C74+1 -> 46537 | E75: 961.8 | F75: =E75-E74 -> 0 | H75: =H74+F75+G75 -> 988.2 | I75: =H75/B75 -> 14.117143
B76: =B75+1 -> 71 | C76: =C75+1 -> 46538 | E76: 961.8 | F76: =E76-E75 -> 0 | H76: =H75+F76+G76 -> 988.2 | I76: =H76/B76 -> 13.91831
B77: =B76+1 -> 72 | C77: =C76+1 -> 46539 | D77: Harpers Ferry | E77: 1008.8 | F77: =E77-E76 -> 47 | G77: 0 | H77: =H76+F77+G77 -> 1035.2 | I77: =H77/B77 -> 14.377778 | J77: 5 | K77: Harpers Ferry (Mail drop at ATC) | L77: Harpers Ferry
B78: =B77+1 -> 73 | C78: =C77+1 -> 46540 | E78: 1008.8 | F78: =E78-E77 -> 0 | H78: =H77+F78+G78 -> 1035.2 | I78: =H78/B78 -> 14.180822
B79: =B78+1 -> 74 | C79: =C78+1 -> 46541 | E79: 1008.8 | F79: =E79-E78 -> 0 | H79: =H78+F79+G79 -> 1035.2 | I79: =H79/B79 -> 13.989189
B80: =B79+1 -> 75 | C80: =C79+1 -> 46542 | E80: 1008.8 | F80: =E80-E79 -> 0 | H80: =H79+F80+G80 -> 1035.2 | I80: =H80/B80 -> 13.802667
B81: =B80+1 -> 76 | C81: =C80+1 -> 46543 | D81: Ping Grove Furnace | E81: 1088.2 | F81: =E81-E80 -> 79.4 | H81: =H80+F81+G81 -> 1114.6 | I81: =H81/B81 -> 14.665789 | K81: Meet Family/Friends
B82: =B81+1 -> 77 | C82: =C81+1 -> 46544 | D82: Ping Grove Furnace | E82: 1088.2 | F82: =E82-E81 -> 0 | G82: 0 | H82: =H81+F82+G82 -> 1114.6 | I82: =H82/B82 -> 14.475325 | J82: 3 | K82: Meet Family/Friends
B83: =B82+1 -> 78 | C83: =C82+1 -> 46545 | D83: Alec Kenedy Shelter | E83: 1103.7 | F83: =E83-E82 -> 15.5 | H83: =H82+F83+G83 -> 1130.1 | I83: =H83/B83 -> 14.488462
B84: =B83+1 -> 79 | C84: =C83+1 -> 46546 | D84: Darlington Shelter | E84: 1121.9 | F84: =E84-E83 -> 18.2 | H84: =H83+F84+G84 -> 1148.3 | I84: =H84/B84 -> 14.535443 | K84: Boiling Springs (1107.6) (Mail Drop at PO)
B85: =B84+1 -> 80 | C85: =C84+1 -> 46547 | D85: Duncannon | E85: 1133.2 | F85: =E85-E84 -> 11.3 | G85: 0 | H85: =H84+F85+G85 -> 1159.6 | I85: =H85/B85 -> 14.495 | J85: 5 | K85: Duncannon (Mail drop at PO) | L85: Duncannon (Oterbein UMC)
B86: =B85+1 -> 81 | C86: =C85+1 -> 46548 | E86: 1133.2 | F86: =E86-E85 -> 0 | H86: =H85+F86+G86 -> 1159.6 | I86: =H86/B86 -> 14.316049
B87: =B86+1 -> 82 | C87: =C86+1 -> 46549 | E87: 1133.2 | F87: =E87-E86 -> 0 | H87: =H86+F87+G87 -> 1159.6 | I87: =H87/B87 -> 14.141463
B88: =B87+1 -> 83 | C88: =C87+1 -> 46550 | E88: 1133.2 | F88: =E88-E87 -> 0 | H88: =H87+F88+G88 -> 1159.6 | I88: =H88/B88 -> 13.971084 | K88: Below are recommended re-supply points
B89: =B88+1 -> 84 | C89: =C88+1 -> 46551 | E89: 1133.2 | F89: =E89-E88 -> 0 | H89: =H88+F89+G89 -> 1159.6 | I89: =H89/B89 -> 13.804762
B90: =B89+1 -> 85 | C90: =C89+1 -> 46552 | D90: Port Clinton | E90: 1203.2 | F90: =E90-E89 -> 70 | G90: 0 | H90: =H89+F90+G90 -> 1229.6 | I90: =H90/B90 -> 14.465882 | J90: 5 | K90: Port Clinton (Mail Drop at PO) | L90: Port clinton
B91: =B90+1 -> 86 | C91: =C90+1 -> 46553 | E91: 1203.2 | F91: =E91-E90 -> 0 | H91: =H90+F91+G91 -> 1229.6 | I91: =H91/B91 -> 14.297674
B92: =B91+1 -> 87 | C92: =C91+1 -> 46554 | E92: 1203.2 | F92: =E92-E91 -> 0 | H92: =H91+F92+G92 -> 1229.6 | I92: =H92/B92 -> 14.133333
B93: =B92+1 -> 88 | C93: =C92+1 -> 46555 | E93: 1203.2 | F93: =E93-E92 -> 0 | H93: =H92+F93+G93 -> 1229.6 | I93: =H93/B93 -> 13.972727
B94: =B93+1 -> 89 | C94: =C93+1 -> 46556 | E94: 1203.2 | F94: =E94-E93 -> 0 | H94: =H93+F94+G94 -> 1229.6 | I94: =H94/B94 -> 13.81573
B95: =B94+1 -> 90 | C95: =C94+1 -> 46557 | D95: Delaware Water Gap | E95: 1279.5 | F95: =E95-E94 -> 76.3 | G95: 0 | H95: =H94+F95+G95 -> 1305.9 | I95: =H95/B95 -> 14.51 | J95: 4 | K95: Delaware Water Gap (Mail Drop at PO) | L95: DWG church hostel
B96: =B95+1 -> 91 | C96: =C95+1 -> 46558 | E96: 1279.5 | F96: =E96-E95 -> 0 | H96: =H95+F96+G96 -> 1305.9 | I96: =H96/B96 -> 14.350549
B97: =B96+1 -> 92 | C97: =C96+1 -> 46559 | E97: 1279.5 | F97: =E97-E96 -> 0 | H97: =H96+F97+G97 -> 1305.9 | I97: =H97/B97 -> 14.194565
B98: =B97+1 -> 93 | C98: =C97+1 -> 46560 | D98: Unionville | E98: 1331 | F98: =E98-E97 -> 51.5 | H98: =H97+F98+G98 -> 1357.4 | I98: =H98/B98 -> 14.595699 | K98: ? 1331 - Unionville, NY 10958 | L98: Unionville Post Office
B99: =B98+1 -> 94 | C99: =C98+1 -> 46561 | D99: Vernon | E99: 1342.8 | F99: =E99-E98 -> 11.8 | G99: 2.4 | H99: =H98+F99+G99 -> 1371.6 | I99: =H99/B99 -> 14.591489 | J99: 4 | K99: Vernon (1342) Church hostel. Supermarket | L99: Vernon (church hostel)
B100: =B99+1 -> 95 | C100: =C99+1 -> 46562 | E100: 1342.8 | F100: =E100-E99 -> 0 | H100: =H99+F100+G100 -> 1371.6 | I100: =H100/B100 -> 14.437895
...

Sheet Itinerary
B1: day | C1: Date | D1: DESTINATION | E1: LOCATION | F1: DAY MILAGE | G1: extra miles | H1: Total milage | I1: average | J1: Next resupply days | K1: Notes | L1: =YEAR(C2) -> 2027 | M1: https://www.postholer.com/databook/Appalachian-Trail/3
B2: 1 | C2: 46460 | D2: Amicolola Falls SP | E2: -8.8 | F2: 0 | G2: 0 | H2: 0 | I2: =H2/B2 -> 0 | J2: 5 | M2: https://www.postholer.com/planner/Appalachian-Trail/3
B3: =B2+1 -> 2 | C3: =C2+1 -> 46461 | D3: Black Gap Shelter | E3: -1.5 | F3: =E3-E2 -> 7.3 | H3: =H2+F3+G3 -> 7.3 | I3: =H3/B3 -> 3.65
B4: =B3+1 -> 3 | C4: =C3 -> 46461 | D4: Springer Mtn | E4: 0.2 | F4: =E4-E3 -> 1.7 | H4: =H3+F4+G4 -> 9 | I4: =H4/B4 -> 3
B5: =B4+1 -> 4 | C5: =C4+1 -> 46462 | D5: Stover Creek Shelter (pic) | E5: 2.8 | F5: =E5-E4 -> 2.6 | H5: =H4+F5+G5 -> 11.6 | I5: =H5/B5 -> 2.9
B6: =B5+1 -> 5 | C6: =C5+1 -> 46463 | D6: Sassafras Mt 10.7mi | E6: 10.7 | F6: =E6-E5 -> 7.9 | H6: =H5+F6+G6 -> 19.5 | I6: =H6/B6 -> 3.9 | K6: Hawk Mt Shelter at 7.8mi. Gooch Mt Shelter 15.1
B7: =B6+1 -> 6 | C7: =C6+1 -> 46464 | D7: Woods Hole Shelter | E7: 26.8 | F7: =E7-E6 -> 16.1 | H7: =H6+F7+G7 -> 35.6 | I7: =H7/B6 -> 7.12 | K7: Blood Mt Shelter 28.3mi
B8: =B7+0 -> 6 | C8: =C7+1 -> 46465 | D8: Neels Gap | E8: 30.5 | F8: =E8-E7 -> 3.7 | H8: =H7+F8+G8 -> 39.3 | J8: 3 | K8: Neels Gap (Walasi-Yi) $18 - accepts mail-drop $$ good selection of food | L8: Update: Destination & Location
B9: =B8+1 -> 7 | C9: =C8+1 -> 46466 | D9: Whitley Gap Shelter | E9: 36.7 | F9: =E9-E8 -> 6.2 | H9: =H8+F9+G9 -> 45.5 | I9: =H9/B8 -> 7.5833333
B10: =B9+1 -> 8 | C10: =C9+1 -> 46467 | D10: Blue Mountain Shelter | E10: 48.3 | F10: =E10-E9 -> 11.6 | H10: =H9+F10+G10 -> 57.1 | I10: =H10/B9 -> 8.1571429
B11: =B10+1 -> 9 | C11: =C10+1 -> 46468 | D11: Deep Gap Shelter | E11: 63.1 | F11: =E11-E10 -> 14.8 | H11: =H10+F11+G11 -> 71.9 | I11: =H11/B10 -> 8.9875
B12: =B11+1 -> 10 | C12: =C11+1 -> 46469 | D12: Hiawassee | E12: 66.6 | F12: =E12-E11 -> 3.5 | G12: 3.5 | H12: =H11+F12+G12 -> 78.9 | I12: =H12/B11 -> 8.7666667 | J12: 6 | K12: Hiawassee (Dick's Creek Gap) - hitch to town to get supplies. Poteats hold mail for over night guests ($17pp) aka Blueberry Patch (3.5 mi). | L12: Dick''s Creek Gap
B13: =B12+1 -> 11 | C13: =C12+1 -> 46470 | D13: Muskrat Creek Shelter | E13: 78.2 | F13: =E13-E12 -> 11.6 | H13: =H12+F13+G13 -> 90.5 | I13: =H13/B12 -> 9.05
B14: =B13+1 -> 12 | C14: =C13+1 -> 46471 | D14: Carter Gap Shelters | E14: 90.7 | F14: =E14-E13 -> 12.5 | H14: =H13+F14+G14 -> 103 | I14: =H14/B13 -> 9.3636364
B15: =B14+1 -> 13 | C15: =C14+1 -> 46472 | D15: Rock Gap Shelter | E15: 102.8 | F15: =E15-E14 -> 12.1 | H15: =H14+F15+G15 -> 115.1 | I15: =H15/B14 -> 9.5916667
B16: =B15+1 -> 14 | C16: =C15+1 -> 46473 | D16: Wine Spring Bald | E16: 114.8 | F16: =E16-E15 -> 12 | H16: =H15+F16+G16 -> 127.1 | I16: =H16/B15 -> 9.7769231
B17: =B16+1 -> 15 | C17: =C16+1 -> 46474 | D17: Wesser Blad Shelter | E17: 128.2 | F17: =E17-E16 -> 13.4 | H17: =H16+F17+G17 -> 140.5 | I17: =H17/B16 -> 10.035714
B18: =B17+1 -> 16 | C18: =C17+1 -> 46475 | D18: Wesser | E18: 133.9 | F18: =E18-E17 -> 5.7 | G18: 0 | H18: =H17+F18+G18 -> 146.2 | I18: =H18/B17 -> 9.7466667 | J18: 3 | K18: Nantahala Outdoor Center (NOC) Post Office closes at noon on Saturday. Purchase food.$14pp. Maild drop at NOC
B19: =B18+1 -> 17 | C19: =C18+1 -> 46476 | D19: Brown Fork Gap Shelter | E19: 149.9 | F19: =E19-E18 -> 16 | H19: =H18+F19+G19 -> 162.2 | I19: =H19/B18 -> 10.1375
B20: =B19+0 -> 17 | C20: =C19+1 -> 46477 | D20: Fontana Dam | E20: 161.5 | F20: =E20-E19 -> 11.6 | G20: 2 | H20: =H19+F20+G20 -> 175.8 | I20: =H20/B19 -> 10.341176 | K20: Fontana Dam PO 2mi W. Mail drop
B21: =B20 -> 17 | C21: =C20+1-1 -> 46477 | D21: Fontana Dam Shelter | E21: 162.6 | F21: =E21-E20 -> 1.1 | H21: =H20+F21+G21 -> 176.9 | I21: =H21/B20 -> 10.405882 | J21: 7 | K21: Sleep at shelter after re-supply | N21: GSMNP shelters
B22: =B21 -> 17 | C22: =C21+1 -> 46478 | E22: 162.9 | F22: =E22-E21 -> 0.3 | H22: =H21+F22+G22 -> 177.2 | K22: obtain permit for Smoky's | M22: 162.9
B23: =B20+1 -> 18 | C23: =C22 -> 46478 | D23: GSMNP estimates | E23: 179.3 | F23: =E23-E22 -> 16.4 | H23: =H22+F23+G23 -> 193.6 | I23: =H23/B22 -> 11.388235 | L23: =M23-M22 -> 11 | M23: 173.9 | N23: Mollies Ridge Shelter
B24: =B23+1 -> 19 | C24: =C23+1 -> 46479 | D24: see GSMNP on right | E24: 195.7 | F24: =E24-E23 -> 16.4 | H24: =H23+F24+G24 -> 210 | I24: =H24/B23 -> 11.666667 | L24: =M24-M23 -> 2.5 | M24: 176.4 | N24: Russel Ridge Shelter
B25: =B24+1 -> 20 | C25: =C24+1 -> 46480 | D25: must stay in shelters | E25: 214 | F25: =E25-E24 -> 18.3 | H25: =H24+F25+G25 -> 228.3 | I25: =H25/B24 -> 12.015789 | L25: =M25-M24 -> 2.9 | M25: 179.3 | N25: Spence Field Shelter
B26: =B25+1 -> 21 | C26: =C25+1 -> 46481 | E26: 226.9 | F26: =E26-E25 -> 12.9 | H26: =H25+F26+G26 -> 241.2 | I26: =H26/B25 -> 12.06 | K26: Mountain Momma's ( 234.9) | L26: =M26-M25 -> 6.3 | M26: 185.6 | N26: Derrick Knob shelter
B27: =B26+1 -> 22 | C27: =C26+1 -> 46482 | E27: 244.5 | F27: =E27-E26 -> 17.6 | H27: =H26+F27+G27 -> 258.8 | I27: =H27/B26 -> 12.32381 | K27: Standing Bear Farm(237.3) $15 - holds mail drops | L27: =M27-M26 -> 5.5 | M27: 191.1 | N27: Siler's Blad Shelter
B28: =B27+1 -> 23 | C28: =C27+1 -> 46483 | E28: 257.6 | F28: =E28-E27 -> 13.1 | H28: =H27+F28+G28 -> 271.9 | I28: =H28/B27 -> 12.359091 | L28: =M28-M27 -> 1.7 | M28: 192.8 | N28: Double Spring Gap Shelter
B29: =B28+1 -> 24 | C29: =C28+1 -> 46484 | D29: Hot Spring | E29: 270.7 | F29: =E29-E28 -> 13.1 | G29: 0 | H29: =H28+F29+G29 -> 285 | I29: =H29/B28 -> 12.391304 | J29: 6 | K29: Hot spring. Mail drop | L29: =M29-M28 -> 2.9 | M29: 195.7 | N29: Clingmans Dome
B30: =B29+1 -> 25 | C30: =C29+1 -> 46485 | D30: Zero Day | E30: 270.7 | F30: =E30-E29 -> 0 | H30: =H29+F30+G30 -> 285 | I30: =H30/B29 -> 11.875 | K30: Zero Day in Hot Springs | L30: =M30-M29 -> 3.4 | M30: 199.1 | N30: Mt Collins Shelter
B31: =B30+1 -> 26 | C31: =C30+1 -> 46486 | E31: 270.7 | F31: =E31-E30 -> 0 | H31: =H30+F31+G31 -> 285 | I31: =H31/B30 -> 11.4 | K31: ***** START HERE ***** | L31: =M31-M30 -> 7.5 | M31: 206.6 | N31: Icewater Spring Shelter
B32: =B31+1 -> 27 | C32: =C31+1 -> 46487 | E32: 270.7 | F32: =E32-E31 -> 0 | H32: =H31+F32+G32 -> 285 | I32: =H32/B31 -> 10.961538 | K32: *** estimate mail drops only *** | L32: =M32-M31 -> 7.4 | M32: 214 | N32: Pecks Corner Shelter
B33: =B32+1 -> 28 | C33: =C32+1 -> 46488 | E33: 270.7 | F33: =E33-E32 -> 0 | H33: =H32+F33+G33 -> 285 | I33: =H33/B32 -> 10.555556 | K33: shelters.html, hostel.html | L33: =M33-M32 -> 5.2 | M33: 219.2 | N33: Tri-Corner Knob Shelter
B34: =B33+1 -> 29 | C34: =C33+1 -> 46489 | E34: 270.7 | F34: =E34-E33 -> 0 | H34: =H33+F34+G34 -> 285 | I34: =H34/B33 -> 10.178571 | L34: =M34-M33 -> 7.7 | M34: 226.9 | N34: Cosby Knob shelter
B35: =B34+1 -> 30 | C35: =C34+1 -> 46490 | D35: Erwin | E35: 338.7 | F35: =E35-E34 -> 68 | G35: 3.8 | H35: =H34+F35+G35 -> 356.8 | I35: =H35/B34 -> 12.303448 | J35: 5 | K35: Mail Drop 3.8 miles to town (Erwin, TN) | L35: =M35-M34 -> 2.8 | M35: 229.7 | N35: Mt Cammerer Side trail (Fire tower)
B36: =B35+1 -> 31 | C36: =C35+1 -> 46491 | E36: 338.7 | F36: =E36-E35 -> 0 | H36: =H35+F36+G36 -> 356.8 | I36: =H36/B35 -> 11.893333 | L36: =M36-M35 -> 4.3 | M36: 234 | N36: Davenport Gap Shelter
B37: =B36+1 -> 32 | C37: =C36+1 -> 46492 | E37: 338.7 | F37: =E37-E36 -> 0 | H37: =H36+F37+G37 -> 356.8 | I37: =H37/B36 -> 11.509677 | L37: =M37-M36 -> 0.9 | M37: 234.9 | N37: Mountain Momma's
B38: =B37+1 -> 33 | C38: =C37+1 -> 46493 | E38: 338.7 | F38: =E38-E37 -> 0 | H38: =H37+F38+G38 -> 356.8 | I38: =H38/B37 -> 11.15 | K38: Roan Mountain (Elk Park 385.5)) | L38: =M38-M37 -> 9.6 | M38: 244.5 | N38: Groundhog Creek Shelter
B39: =B38+1 -> 34 | C39: =C38+1 -> 46494 | E39: 338.7 | F39: =E39-E38 -> 0 | H39: =H38+F39+G39 -> 356.8 | I39: =H39/B38 -> 10.812121 | L39: =M39-M38 -> 8.2 | M39: 252.7 | N39: Roaring Fork Shelter
B40: =B39+1 -> 35 | C40: =C39+1 -> 46495 | D40: Kincora Hostel | E40: 409.3 | F40: =E40-E39 -> 70.6 | H40: =H39+F40+G40 -> 427.4 | I40: =H40/B39 -> 12.570588 | J40: 4 | K40: Kincora Hostel. Mail Drop. Spend the night | L40: =M40-M39 -> 4.9 | M40: 257.6 | N40: Walnut Mountain Shelter
B41: =B40+1 -> 36 | C41: =C40+1 -> 46496 | E41: 409.3 | F41: =E41-E40 -> 0 | H41: =H40+F41+G41 -> 427.4 | I41: =H41/B40 -> 12.211429 | L41: =M41-M40 -> 9.9 | M41: 267.5 | N41: Deer Park Mountain Shelter
B42: =B41+1 -> 37 | C42: =C41+1 -> 46497 | E42: 409.3 | F42: =E42-E41 -> 0 | H42: =H41+F42+G42 -> 427.4 | I42: =H42/B41 -> 11.872222
B43: =B42+1 -> 38 | C43: =C42+1 -> 46498 | E43: 409.3 | F43: =E43-E42 -> 0 | H43: =H42+F43+G43 -> 427.4 | I43: =H43/B42 -> 11.551351 | L43: =SUM(L23:L41) -> 104.6 | M43: =M41-M22 -> 104.6
B44: =B43+1 -> 39 | C44: =C43+1 -> 46499 | D44: Damascus | E44: 459 | F44: =E44-E43 -> 49.7 | G44: 0 | H44: =H43+F44+G44 -> 477.1 | I44: =H44/B43 -> 12.555263 | J44: 6 | K44: Damascus | L44: Damascus
B45: =B44+1 -> 40 | C45: =C44+1 -> 46500 | E45: 459 | F45: =E45-E44 -> 0 | H45: =H44+F45+G45 -> 477.1 | I45: =H45/B44 -> 12.233333 | K45: Trail Days - 1st weekend after mothers day
B46: =B45+1 -> 41 | C46: =C45+1 -> 46501 | E46: 459 | F46: =E46-E45 -> 0 | H46: =H45+F46+G46 -> 477.1 | I46: =H46/B45 -> 11.9275 | K46: http://www.traildays.info/
B47: =B46+1 -> 42 | C47: =C46+1 -> 46502 | E47: 459 | F47: =E47-E46 -> 0 | H47: =H46+F47+G47 -> 477.1 | I47: =H47/B46 -> 11.636585 | K47: Dickey Gap(church hostel) to Troutdale
B48: =B47+1 -> 43 | C48: =C47+1 -> 46503 | E48: 459 | F48: =E48-E47 -> 0 | H48: =H47+F48+G48 -> 477.1 | I48: =H48/B47 -> 11.359524
B49: =B48+1 -> 44 | C49: =C48+1 -> 46504 | E49: 459 | F49: =E49-E48 -> 0 | H49: =H48+F49+G49 -> 477.1 | I49: =H49/B48 -> 11.095349
B50: =B49+1 -> 45 | C50: =C49+1 -> 46505 | D50: Atkins | E50: 534.8 | F50: =E50-E49 -> 75.8 | G50: 3.8 | H50: =H49+F50+G50 -> 556.7 | I50: =H50/B49 -> 12.652273 | J50: 6 | K50: Atkins. Mail Drop at motel
B51: =B50+1 -> 46 | C51: =C50+1 -> 46506 | E51: 534.8 | F51: =E51-E50 -> 0 | H51: =H50+F51+G51 -> 556.7 | I51: =H51/B50 -> 12.371111
B52: =B51+1 -> 47 | C52: =C51+1 -> 46507 | E52: 534.8 | F52: =E52-E51 -> 0 | H52: =H51+F52+G52 -> 556.7 | I52: =H52/B51 -> 12.102174
B53: =B52+1 -> 48 | C53: =C52+1 -> 46508 | E53: 534.8 | F53: =E53-E52 -> 0 | H53: =H52+F53+G53 -> 556.7 | I53: =H53/B52 -> 11.844681 | K53: Bland
B54: =B53+1 -> 49 | C54: =C53+1 -> 46509 | E54: 534.8 | F54: =E54-E53 -> 0 | H54: =H53+F54+G54 -> 556.7 | I54: =H54/B53 -> 11.597917 | K54: Dismal Falls, wonderful place to camp and swim
B55: =B54+1 -> 50 | C55: =C54+1 -> 46510 | E55: 534.8 | F55: =E55-E54 -> 0 | H55: =H54+F55+G55 -> 556.7 | I55: =H55/B54 -> 11.361224
B56: =B55+1 -> 51 | C56: =C55+1 -> 46511 | D56: Pearisburg | E56: 622.1 | F56: =E56-E55 -> 87.3 | G56: 0 | H56: =H55+F56+G56 -> 644 | I56: =H56/B55 -> 12.88 | J56: 6 | K56: Pearisburg (church hostel)
B57: =B56+1 -> 52 | C57: =C56+1 -> 46512 | E57: 622.1 | F57: =E57-E56 -> 0 | H57: =H56+F57+G57 -> 644 | I57: =H57/B56 -> 12.627451
B58: =B57+1 -> 53 | C58: =C57+1 -> 46513 | E58: 622.1 | F58: =E58-E57 -> 0 | H58: =H57+F58+G58 -> 644 | I58: =H58/B57 -> 12.384615
B59: =B58+1 -> 54 | C59: =C58+1 -> 46514 | E59: 622.1 | F59: =E59-E58 -> 0 | H59: =H58+F59+G59 -> 644 | I59: =H59/B58 -> 12.150943
B60: =B59+1 -> 55 | C60: =C59+1 -> 46515 | E60: 622.1 | F60: =E60-E59 -> 0 | H60: =H59+F60+G60 -> 644 | I60: =H60/B59 -> 11.925926 | K60: VA311, hitch to Catawba, market and Post Office
B61: =B60+1 -> 56 | C61: =C60+1 -> 46516 | E61: 622.1 | F61: =E61-E60 -> 0 | H61: =H60+F61+G61 -> 644 | I61: =H61/B60 -> 11.709091
B62: =B61+1 -> 57 | C62: =C61+1 -> 46517 | D62: Daleville/Troutville | E62: 715.8 | F62: =E62-E61 -> 93.7 | G62: 0 | H62: =H61+F62+G62 -> 737.7 | I62: =H62/B61 -> 13.173214 | J62: 8 | K62: Daleville/Troutville - Kroger near trail | L62: Daleville
B63: =B62+1 -> 58 | C63: =C62+1 -> 46518 | E63: 715.8 | F63: =E63-E62 -> 0 | H63: =H62+F63+G63 -> 737.7 | I63: =H63/B62 -> 12.942105
B64: =B63+1 -> 59 | C64: =C63+1 -> 46519 | E64: 715.8 | F64: =E64-E63 -> 0 | H64: =H63+F64+G64 -> 737.7 | I64: =H64/B63 -> 12.718966
B65: =B64+1 -> 60 | C65: =C64+1 -> 46520 | E65: 715.8 | F65: =E65-E64 -> 0 | H65: =H64+F65+G65 -> 737.7 | I65: =H65/B64 -> 12.50339
B66: =B65+1 -> 61 | C66: =C65+1 -> 46521 | E66: 715.8 | F66: =E66-E65 -> 0 | H66: =H65+F66+G66 -> 737.7 | I66: =H66/B65 -> 12.295 | K66: Big Island, VA 24526 | L66: Glasgow
B67: =B66+1 -> 62 | C67: =C66+1 -> 46522 | E67: 715.8 | F67: =E67-E66 -> 0 | H67: =H66+F67+G67 -> 737.7 | I67: =H67/B66 -> 12.093443
B68: =B67+1 -> 63 | C68: =C67+1 -> 46523 | E68: 715.8 | F68: =E68-E67 -> 0 | H68: =H67+F68+G68 -> 737.7 | I68: =H68/B67 -> 11.898387
B69: =B68+1 -> 64 | C69: =C68+1 -> 46524 | E69: 715.8 | F69: =E69-E68 -> 0 | H69: =H68+F69+G69 -> 737.7 | I69: =H69/B68 -> 11.709524
B70: =B69+1 -> 65 | C70: =C69+1 -> 46525 | D70: Waynesboro | E70: 848.4 | F70: =E70-E69 -> 132.6 | G70: 4.5 | H70: =H69+F70+G70 -> 874.8 | I70: =H70/B69 -> 13.66875 | J70: 5 | K70: Waynesboro (Kroger nearby) | L70: Rockfish Gap (church hostel)
B71: =B70+1 -> 66 | C71: =C70+1 -> 46526 | E71: 848.4 | F71: =E71-E70 -> 0 | H71: =H70+F71+G71 -> 874.8 | I71: =H71/B70 -> 13.458462
B72: =B71+1 -> 67 | C72: =C71+1 -> 46527 | E72: 848.4 | F72: =E72-E71 -> 0 | H72: =H71+F72+G72 -> 874.8 | I72: =H72/B71 -> 13.254545
B73: =B72+1 -> 68 | C73: =C72+1 -> 46528 | E73: 848.4 | F73: =E73-E72 -> 0 | H73: =H72+F73+G73 -> 874.8 | I73: =H73/B72 -> 13.056716
B74: =B73+1 -> 69 | C74: =C73+1 -> 46529 | E74: 848.4 | F74: =E74-E73 -> 0 | H74: =H73+F74+G74 -> 874.8 | I74: =H74/B73 -> 12.864706
B75: =B74+1 -> 70 | C75: =C74+1 -> 46530 | D75: Linden | E75: 961.8 | F75: =E75-E74 -> 113.4 | G75: 0 | H75: =H74+F75+G75 -> 988.2 | I75: =H75/B74 -> 14.321739 | J75: 4 | K75: Front Royal (buy) or Linden (maildrop) | L75: Linden, 522 crossing
B76: =B75+1 -> 71 | C76: =C75+1 -> 46531 | E76: 961.8 | F76: =E76-E75 -> 0 | H76: =H75+F76+G76 -> 988.2 | I76: =H76/B75 -> 14.117143
B77: =B76+1 -> 72 | C77: =C76+1 -> 46532 | E77: 961.8 | F77: =E77-E76 -> 0 | H77: =H76+F77+G77 -> 988.2 | I77: =H77/B76 -> 13.91831
B78: =B77+1 -> 73 | C78: =C77+1 -> 46533 | E78: 961.8 | F78: =E78-E77 -> 0 | H78: =H77+F78+G78 -> 988.2 | I78: =H78/B77 -> 13.725
B79: =B78+1 -> 74 | C79: =C78+1 -> 46534 | D79: Harpers Ferry | E79: 1008.8 | F79: =E79-E78 -> 47 | G79: 0 | H79: =H78+F79+G79 -> 1035.2 | I79: =H79/B78 -> 14.180822 | J79: 5 | K79: Harpers Ferry (Mail drop at ATC) | L79: Harpers Ferry
B80: =B79+1 -> 75 | C80: =C79+1 -> 46535 | E80: 1008.8 | F80: =E80-E79 -> 0 | H80: =H79+F80+G80 -> 1035.2 | I80: =H80/B79 -> 13.989189
B81: =B80+1 -> 76 | C81: =C80+1 -> 46536 | E81: 1008.8 | F81: =E81-E80 -> 0 | H81: =H80+F81+G81 -> 1035.2 | I81: =H81/B80 -> 13.802667
B82: =B81+1 -> 77 | C82: =C81+1 -> 46537 | E82: 1008.8 | F82: =E82-E81 -> 0 | H82: =H81+F82+G82 -> 1035.2 | I82: =H82/B81 -> 13.621053
B83: =B82+1 -> 78 | C83: =C82+1 -> 46538 | D83: Ping Grove Furnace | E83: 1088.2 | F83: =E83-E82 -> 79.4 | H83: =H82+F83+G83 -> 1114.6 | I83: =H83/B82 -> 14.475325 | K83: Meet Family/Friends
B84: =B83+1 -> 79 | C84: =C83+1 -> 46539 | D84: Ping Grove Furnace | E84: 1088.2 | F84: =E84-E83 -> 0 | G84: 0 | H84: =H83+F84+G84 -> 1114.6 | I84: =H84/B83 -> 14.289744 | J84: 3 | K84: Meet Family/Friends
B85: =B84+1 -> 80 | C85: =C84+1 -> 46540 | D85: Alec Kenedy Shelter | E85: 1103.7 | F85: =E85-E84 -> 15.5 | H85: =H84+F85+G85 -> 1130.1 | I85: =H85/B84 -> 14.305063
B86: =B85+1 -> 81 | C86: =C85+1 -> 46541 | D86: Darlington Shelter | E86: 1121.9 | F86: =E86-E85 -> 18.2 | H86: =H85+F86+G86 -> 1148.3 | I86: =H86/B85 -> 14.35375 | K86: Boiling Springs (1107.6) (Mail Drop at PO)
B87: =B86+1 -> 82 | C87: =C86+1 -> 46542 | D87: Duncannon | E87: 1133.2 | F87: =E87-E86 -> 11.3 | G87: 0 | H87: =H86+F87+G87 -> 1159.6 | I87: =H87/B86 -> 14.316049 | J87: 5 | K87: Duncannon (Mail drop at PO) | L87: Duncannon (Oterbein UMC)
B88: =B87+1 -> 83 | C88: =C87+1 -> 46543 | E88: 1133.2 | F88: =E88-E87 -> 0 | H88: =H87+F88+G88 -> 1159.6 | I88: =H88/B87 -> 14.141463
B89: =B88+1 -> 84 | C89: =C88+1 -> 46544 | E89: 1133.2 | F89: =E89-E88 -> 0 | H89: =H88+F89+G89 -> 1159.6 | I89: =H89/B88 -> 13.971084
B90: =B89+1 -> 85 | C90: =C89+1 -> 46545 | E90: 1133.2 | F90: =E90-E89 -> 0 | H90: =H89+F90+G90 -> 1159.6 | I90: =H90/B89 -> 13.804762 | K90: Below are recommended re-supply points
B91: =B90+1 -> 86 | C91: =C90+1 -> 46546 | E91: 1133.2 | F91: =E91-E90 -> 0 | H91: =H90+F91+G91 -> 1159.6 | I91: =H91/B90 -> 13.642353
B92: =B91+1 -> 87 | C92: =C91+1 -> 46547 | D92: Port Clinton | E92: 1203.2 | F92: =E92-E91 -> 70 | G92: 0 | H92: =H91+F92+G92 -> 1229.6 | I92: =H92/B91 -> 14.297674 | J92: 5 | K92: Port Clinton (Mail Drop at PO) | L92: Port clinton
B93: =B92+1 -> 88 | C93: =C92+1 -> 46548 | E93: 1203.2 | F93: =E93-E92 -> 0 | H93: =H92+F93+G93 -> 1229.6 | I93: =H93/B92 -> 14.133333
B94: =B93+1 -> 89 | C94: =C93+1 -> 46549 | E94: 1203.2 | F94: =E94-E93 -> 0 | H94: =H93+F94+G94 -> 1229.6 | I94: =H94/B93 -> 13.972727
B95: =B94+1 -> 90 | C95: =C94+1 -> 46550 | E95: 1203.2 | F95: =E95-E94 -> 0 | H95: =H94+F95+G95 -> 1229.6 | I95: =H95/B94 -> 13.81573
B96: =B95+1 -> 91 | C96: =C95+1 -> 46551 | E96: 1203.2 | F96: =E96-E95 -> 0 | H96: =H95+F96+G96 -> 1229.6 | I96: =H96/B95 -> 13.662222
B97: =B96+1 -> 92 | C97: =C96+1 -> 46552 | D97: Delaware Water Gap | E97: 1279.5 | F97: =E97-E96 -> 76.3 | G97: 0 | H97: =H96+F97+G97 -> 1305.9 | I97: =H97/B96 -> 14.350549 | J97: 4 | K97: Delaware Water Gap (Mail Drop at PO) | L97: DWG church hostel
B98: =B97+1 -> 93 | C98: =C97+1 -> 46553 | E98: 1279.5 | F98: =E98-E97 -> 0 | H98: =H97+F98+G98 -> 1305.9 | I98: =H98/B97 -> 14.194565
B99: =B98+1 -> 94 | C99: =C98+1 -> 46554 | E99: 1279.5 | F99: =E99-E98 -> 0 | H99: =H98+F99+G99 -> 1305.9 | I99: =H99/B98 -> 14.041935
B100: =B99+1 -> 95 | C100: =C99+1 -> 46555 | D100: Unionville | E100: 1331 | F100: =E100-E99 -> 51.5 | H100: =H99+F100+G100 -> 1357.4 | I100: =H100/B99 -> 14.440426 | K100: ? 1331 - Unionville, NY 10958 | L100: Unionville Post Office
...

Sheet Postholer
B1: PostHoler AT Plan with details
A2: X | B2: Description | C2: Trail | D2: Arrive | E2: Trip | F2: Total | G2: Miles | H2: Section | I2: Section | J2: Section | K2: Section | L2: Zeros/
C3: Mile | D3: (depart) | E3: Mile | F3: Days | G3: From | H3: Miles | I3: Days | J3: MPD | K3: Rating | L3: Neros
G4: Last
B5: 1 - Springer MtnNotes | C5: 0 | D5: Mon, Mar 15 | E5: 0 | F5: 0 | G5: 0 | H5: 0 | I5: 0 | J5: 0 | K5: -
B6: Springer Mountain Shelter | C6: 0.2 | D6: Mon, Mar 15 | E6: 0.2 | F6: 0 | G6: 0.2
B7: USFS 42 TH | C7: 1 | D7: Mon, Mar 15 | E7: 1 | F7: 0.1 | G7: 0.8
B8: Stover Creek Shelter | C8: 2.6 | D8: Mon, Mar 15 | E8: 2.6 | F8: 0.2 | G8: 1.6
B9: Three Forks TH | C9: 4.3 | D9: Mon, Mar 15 | E9: 4.3 | F9: 0.4 | G9: 1.8
B10: Hawk Mountain Shelter | C10: 8.1 | D10: Mon, Mar 15 | E10: 8.1 | F10: 0.7 | G10: 3.8
B11: USFS 42 (Hightower Gap) TH | C11: 8.6 | D11: Mon, Mar 15 | E11: 8.6 | F11: 0.8 | G11: 0.5
B12: Horse Gap TH | C12: 10.5 | D12: Mon, Mar 15 | E12: 10.5 | F12: 0.9 | G12: 1.9
B13: Cooper Gap (pull-off 2) TH | C13: 12.2 | D13: Tue, Mar 16 | E13: 12.2 | F13: 1.1 | G13: 1.7
B14: Cooper Gap (pull-off 1) TH | C14: 12.2 | D14: Tue, Mar 16 | E14: 12.2 | F14: 1.1 | G14: 0
B15: Gooch Mountain Shelter | C15: 15.7 | D15: Tue, Mar 16 | E15: 15.7 | F15: 1.4 | G15: 3.5
B16: Gooch Gap Shelter | C16: 17.1 | D16: Tue, Mar 16 | E16: 17.1 | F16: 1.6 | G16: 1.5
B17: USFS 42 (Gooch Gap) TH | C17: 17.2 | D17: Tue, Mar 16 | E17: 17.2 | F17: 1.6 | G17: 0.1
... B29: Blue Mountain Shelter | C29: 51 | D29: Fri, Mar 19 | E29: 51 | F29: 4.6 | G29: 7.4
B30: 1 - Helen GA 30545/Hiawassee GA 30546/SR 75Notes | C30: 53.3 | D30: Fri, Mar 19 | E30: 53.2 | F30: 4.8 | G30: 2.2 | H30: 53.2 | I30: 4.8 | J30: 11.1 | K30: 5 | L30: 0.5
D31: Sat, Mar 20
B32: USFS 283 (Indian Grave Gap) TH | C32: 55.8 | D32: Sat, Mar 20 | E32: 55.8 | F32: 5.6 | G32: 2.6
B33: USFS 79 (Tray Gap) TH | C33: 57.6 | D33: Sat, Mar 20 | E33: 57.6 | F33: 5.8 | G33: 1.8
B34: Tray Mountain Shelter | C34: 58.9 | D34: Sat, Mar 20 | E34: 58.9 | F34: 5.9 | G34: 1.3
B35: Deep Gap Shelter | C35: 66.2 | D35: Sun, Mar 21 | E35: 66.2 | F35: 6.7 | G35: 7.3
B36: Dicks Creek Gap TH | C36: 69.8 | D36: Mon, Mar 22 | E36: 69.8 | F36: 7 | G36: 3.6
B37: Plumorchard Gap Shelter | C37: 74.5 | D37: Mon, Mar 22 | E37: 74.5 | F37: 7.5 | G37: 4.6
B38: Blue Ridge Gap TH | C38: 75.7 | D38: Mon, Mar 22 | E38: 75.7 | F38: 7.6 | G38: 1.2
B39: Muskrat Creek Shelter | C39: 81.8 | D39: Tue, Mar 23 | E39: 81.7 | F39: 8.3 | G39: 6
B40: Deep Gap TH | C40: 85.7 | D40: Tue, Mar 23 | E40: 85.7 | F40: 8.7 | G40: 4
B41: Standing Indian Shelter | C41: 86.7 | D41: Tue, Mar 23 | E41: 86.7 | F41: 8.8 | G41: 0.9
B42: Carter Gap (old shelter) | C42: 94.4 | D42: Wed, Mar 24 | E42: 94.4 | F42: 9.6 | G42: 7.7
B43: Carter Gap Shelter | C43: 94.4 | D43: Wed, Mar 24 | E43: 94.4 | F43: 9.6 | G43: 0.1
... B50: Winding Stair Gap TH | C50: 110.5 | D50: Fri, Mar 26 | E50: 110.5 | F50: 11.2 | G50: 3.1
B51: 2 - Franklin NC 28734/Winding Stair Gap TH/US Hwy 64Notes | C51: 110.6 | D51: Fri, Mar 26 | E51: 110.6 | F51: 11.2 | G51: 0.1 | H51: 57.3 | I51: 5.9 | J51: 9.7 | K51: 6
D52: Fri, Mar 26
B53: Siler Bald Shelter | C53: 114.6 | D53: Sat, Mar 27 | E53: 114.6 | F53: 12.3 | G53: 4.1
B54: Wayah Crest TH | C54: 116.5 | D54: Sat, Mar 27 | E54: 116.5 | F54: 12.5 | G54: 1.9
B55: SR 1310 | C55: 116.6 | D55: Sat, Mar 27 | E55: 116.6 | F55: 12.5 | G55: 0.1
B56: No Official Name Or Unknown TH | C56: 117.9 | D56: Sat, Mar 27 | E56: 117.9 | F56: 12.6 | G56: 1.3
B57: Wayah Bald parking area TH | C57: 120.6 | D57: Sat, Mar 27 | E57: 120.6 | F57: 12.9 | G57: 2.7
B58: Wayah Bald Shelter | C58: 121.7 | D58: Sat, Mar 27 | E58: 121.7 | F58: 13 | G58: 1.1
B59: Burningtown Gap TH | C59: 125.5 | D59: Sun, Mar 28 | E59: 125.5 | F59: 13.3 | G59: 3.8
B60: Cold Spring Shelter | C60: 126.7 | D60: Sun, Mar 28 | E60: 126.7 | F60: 13.4 | G60: 1.2
B61: Tellico Gap TH | C61: 130.4 | D61: Sun, Mar 28 | E61: 130.4 | F61: 13.7 | G61: 3.7
B62: SR 1365 | C62: 130.4 | D62: Sun, Mar 28 | E62: 130.4 | F62: 13.7 | G62: 0
B63: Wesser Bald Shelter | C63: 132.7 | D63: Sun, Mar 28 | E63: 132.7 | F63: 13.9 | G63: 2.3
B64: Rufus Morgan Shelter | C64: 137.6 | D64: Mon, Mar 29 | E64: 137.6 | F64: 14.3 | G64: 4.9
B65: SR 1103 | C65: 138.4 | D65: Mon, Mar 29 | E65: 138.4 | F65: 14.4 | G65: 0.8
B66: 2 - US Hwy 74Notes | C66: 138.4 | D66: Mon, Mar 29 | E66: 138.4 | F66: 14.4 | G66: 0 | H66: 27.9 | I66: 2.4 | J66: 11.4 | K66: 5
D67: Mon, Mar 29
B68: Sasafras Gap Shelter | C68: 145.4 | D68: Tue, Mar 30 | E68: 145.4 | F68: 15.5 | G68: 6.9
B69: NC 143 (Stecoah Gap) TH | C69: 152.3 | D69: Wed, Mar 31 | E69: 152.3 | F69: 16.3 | G69: 6.9
B70: SR 143 | C70: 152.3 | D70: Wed, Mar 31 | E70: 152.3 | F70: 16.3 | G70: 0
B71: Brown Fork Gap Shelter | C71: 154.6 | D71: Wed, Mar 31 | E71: 154.6 | F71: 16.5 | G71: 2.3
B72: Yellow Creek Gap TH | C72: 160.1 | D72: Thu, Apr 01 | E72: 160.1 | F72: 17.2 | G72: 5.4
B73: County Rd 1242 | C73: 160.1 | D73: Thu, Apr 01 | E73: 160.1 | F73: 17.2 | G73: 0
B74: Cable Gap Shelter | C74: 160.9 | D74: Thu, Apr 01 | E74: 160.9 | F74: 17.3 | G74: 0.9
B75: SR 28 | C75: 166.4 | D75: Thu, Apr 01 | E75: 166.4 | F75: 17.9 | G75: 5.4
B76: 2 - Fontana Dam NC 28733/Fontana Village Marina THNotes | C76: 166.4 | D76: Thu, Apr 01 | E76: 166.4 | F76: 17.9 | G76: 0 | H76: 28 | I76: 3.2 | J76: 8.7 | K76: 6.7
D77: Fri, Apr 02
B78: Fontana Dam Shelter | C78: 167.3 | D78: Fri, Apr 02 | E78: 167.3 | F78: 18.5 | G78: 0.9
B79: County Rd 1245 | C79: 167.4 | D79: Fri, Apr 02 | E79: 167.4 | F79: 18.5 | G79: 0.1
B80: Fontana Dam Picnic Area TH | C80: 167.5 | D80: Fri, Apr 02 | E80: 167.5 | F80: 18.5 | G80: 0.1
B81: Fontana Dam Visitors Center TH | C81: 167.8 | D81: Fri, Apr 02 | E81: 167.8 | F81: 18.5 | G81: 0.4
B82: Fontana Dam North Trailhead TH | C82: 169 | D82: Fri, Apr 02 | E82: 169 | F82: 18.7 | G82: 1.1
B83: Mollies Ridge Shelter | C83: 179 | D83: Sat, Apr 03 | E83: 179 | F83: 19.8 | G83: 10
B84: Russell Field Shelter | C84: 182.2 | D84: Sun, Apr 04 | E84: 182.2 | F84: 20.1 | G84: 3.2
B85: Spence Field Shelter | C85: 185 | D85: Sun, Apr 04 | E85: 185 | F85: 20.5 | G85: 2.8
B86: Derrick Knob Shelter | C86: 191.3 | D86: Mon, Apr 05 | E86: 191.3 | F86: 21.1 | G86: 6.2
B87: Silers Bald Shelter | C87: 196.8 | D87: Mon, Apr 05 | E87: 196.8 | F87: 21.8 | G87: 5.6
B88: Double Spring Gap Shelter | C88: 198.6 | D88: Mon, Apr 05 | E88: 198.5 | F88: 22 | G88: 1.7
B89: Clingmans Dome TH | C89: 201.5 | D89: Tue, Apr 06 | E89: 201.5 | F89: 22.3 | G89: 2.9
... B101: I-40 | C101: 242.5 | D101: Sat, Apr 10 | E101: 242.5 | F101: 26.8 | G101: 0
B102: 3 - Waterville School Road THNotes | C102: 242.6 | D102: Sat, Apr 10 | E102: 242.6 | F102: 26.9 | G102: 0.1 | H102: 76.2 | I102: 8.5 | J102: 9 | K102: 6.7
D103: Sun, Apr 11
B104: Groundhog Creek Shelter | C104: 250.7 | D104: Mon, Apr 12 | E104: 250.7 | F104: 28.2 | G104: 8
B105: Brown Gap TH | C105: 253.3 | D105: Mon, Apr 12 | E105: 253.3 | F105: 28.5 | G105: 2.7
B106: State Road 1182 TH | C106: 256.1 | D106: Mon, Apr 12 | E106: 256.1 | F106: 28.8 | G106: 2.8
B107: SR 1182 | C107: 256.1 | D107: Mon, Apr 12 | E107: 256.1 | F107: 28.8 | G107: 0
B108: NC 1182 (Max Patch) TH | C108: 256.2 | D108: Mon, Apr 12 | E108: 256.2 | F108: 28.8 | G108: 0.1
B109: Roaring Fork Shelter | C109: 258.7 | D109: Tue, Apr 13 | E109: 258.7 | F109: 29.1 | G109: 2.5
B110: Roaring Fork (old shelter location) | C110: 261.7 | D110: Tue, Apr 13 | E110: 261.7 | F110: 29.4 | G110: 3
B111: Lemon Gap TH | C111: 262.2 | D111: Tue, Apr 13 | E111: 262.2 | F111: 29.4 | G111: 0.6
B112: Walnut Mountain Shelter | C112: 263.5 | D112: Tue, Apr 13 | E112: 263.5 | F112: 29.6 | G112: 1.3
B113: SR 1173 | C113: 270.1 | D113: Wed, Apr 14 | E113: 270.1 | F113: 30.3 | G113: 6.6
B114: Garenflo Gap TH | C114: 270.1 | D114: Wed, Apr 14 | E114: 270.1 | F114: 30.3 | G114: 0
B115: Deer Park Shelter | C115: 273.5 | D115: Wed, Apr 14 | E115: 273.5 | F115: 30.6 | G115: 3.4
B116: 3 - Trail head parking in Hot Springs THNotes | C116: 276.5 | D116: Wed, Apr 14 | E116: 276.5 | F116: 31 | G116: 3 | H116: 33.9 | I116: 3.6 | J116: 9.4 | K116: 6.6
D117: Thu, Apr 15
B118: Hot Springs NC 28743 | C118: 276.5 | D118: Thu, Apr 15 | E118: 276.5 | F118: 31.7 | G118: 0
B119: SR 209 | C119: 276.6 | D119: Thu, Apr 15 | E119: 276.6 | F119: 31.7 | G119: 0.1
B120: US Hwy 70 | C120: 282.8 | D120: Fri, Apr 16 | E120: 282.8 | F120: 32.3 | G120: 6.1
B121: Spring Mountain Shelter | C121: 287.9 | D121: Fri, Apr 16 | E121: 287.9 | F121: 32.8 | G121: 5.1
B122: SR 70 | C122: 291.7 | D122: Sat, Apr 17 | E122: 291.7 | F122: 33.1 | G122: 3.8
B123: TN 70 (Allen Gap) TH | C123: 291.8 | D123: Sat, Apr 17 | E123: 291.8 | F123: 33.1 | G123: 0
B124: Little Laurel Shelter | C124: 296.6 | D124: Sat, Apr 17 | E124: 296.6 | F124: 33.6 | G124: 4.8
B125: Jerry's Cabin Shelter | C125: 303.3 | D125: Sun, Apr 18 | E125: 303.3 | F125: 34.2 | G125: 6.7
B126: Flint Mountain Shelter | C126: 309.1 | D126: Sun, Apr 18 | E126: 309.1 | F126: 34.8 | G126: 5.8
B127: Devil's Fork Gap TH | C127: 311.8 | D127: Mon, Apr 19 | E127: 311.8 | F127: 35 | G127: 2.8
B128: SR 212 | C128: 311.9 | D128: Mon, Apr 19 | E128: 311.8 | F128: 35 | G128: 0
...

Sheet Shelters
A1: Shelter or Town Name | B1: Miles off of AT | C1: Miles Since Last Shelter | D1: State | E1: Water? | F1: Miles from Springer | G1: Miles from Katahdin
A2: Amicalola Falls State Park Shelter | B2: 0 | C2: 0 | D2: GA | E2: Y | F2: -8.8 | G2: 2182.9
A3: Black Gap Shelter | B3: 0 | C3: 7.3 | D3: GA | E3: Y | F3: -1.5 | G3: 2175.6
A4: Springer Mountain Terminus | B4: 0 | C4: 1.5 | D4: GA | E4: N | F4: 0 | G4: 2174.1
A5: Springer Mountain Shelter | B5: 0.2 | C5: 1.7 | D5: GA | E5: Y | F5: 0.2 | G5: 2173.9
A6: Stover Creek Shelter | B6: 0 | C6: 2.5 | D6: GA | E6: Y | F6: 2.5 | G6: 2171.6
A7: Hawk Mountain Shelter | B7: 0.2 | C7: 5.3 | D7: GA | E7: Y | F7: 7.6 | G7: 2166.5
A8: Gooch Mountain Shelter | B8: 0.1 | C8: 7.4 | D8: GA | E8: Y | F8: 14.7 | G8: 2159.4
A9: Suches, Georgia | B9: 2 | C9: 6.1 | D9: GA | E9: Y | F9: 20 | G9: 2154.1
A10: Woods Hole Shelter | B10: 0.4 | C10: 12.4 | D10: GA | E10: Y | F10: 27 | G10: 2147.1
A11: Blood Mountain Shelter | B11: 0 | C11: 2.1 | D11: GA | E11: N | F11: 28.3 | G11: 2145.8
A12: Neels Gap & US 19/129 & Walasi-Yi | B12: 0 | C12: 0 | D12: GA | E12: Y | F12: 30.7 | G12: 2143.4
A13: Whitley Gap Shelter | B13: 1.2 | C13: 9.8 | D13: GA | E13: Y | F13: 38.1 | G13: 2136
... A408: Katahdin Terminus | B408: 0 | C408: 5.2 | D408: ME | E408: N | F408: 2174.1 | G408: 0

Sheet Resupply
A1: NoBo Mile | B1: Dist from Trail | D1: Town or Business | E1: Mail drop or where to buy | F1: Next town days away | G1: Options +1 mile from trail
A2: 0 | D2: Springer Mountain, GA | E2: Buy in Atlanta or before you start | F2: 2
A3: 31.3 | B3: 0 | D3: Neels Gap, GA | E3: Mail to Mountain Crossings | F3: 7
A4: 52.5 | B4: 9 | C4: E | D4: Helen, GA | E4: Mail to Post Office, M–F 9–12:30 & 1:30-4, Sa 9-12 or buy at Betty’s Country Store, Su-Th 7-8, F-Sa 7-9
A5: 52.5 | B5: 12 | C5: E | D5: Hiawassee, GA | E5: Mail to Post Office, M-F 8:30-5, Sa 8:30-12 or buy or shop Ingles
A6: 69.2 | B6: 11 | C6: W | D6: Dicks Creek Gap, GA | E6: Mail to Top of Georgia Hostel
A7: 109.4 | B7: 10 | C7: E | D7: Winding Stair Gap, GA | E7: Mail to to Post Office, M-F 8:30-5, Sa 9-12 or buy at several grocery stores
A8: 136.7 | B8: 0 | D8: Nantahala Outdoor Center, | E8: Mail to NOC Outfitters | F8: 5 | G8: 1-2 to Fantana Village
D9: NC
A10: 164.7 | B10: 2 | C10: W | D10: Fontana Village, NC | E10: Mail to Post Office, M-F: 11:30-3:45 or buy at General Store, Mar 10 thru Thanksgiving | G10: 2-3 Newfound Gap
A11: 207.8 | B11: 15 | C11: W | D11: Newfound Gap. Gatlinburg, TN to the west | E11: Mail to NOC Great Outpost, Open 7 days 10-9, (Jan-May 10-6) or buy at Old Dad’s General Store | G11: 2 to Standing Bear Farm
A12: 241.6 | B12: 0.1 | C12: W | D12: Standing Bear Farm, TN | E12: Mail to Standing Bear Farm or small resupply choices available | F12: 2-3
A13: 275 | B13: 0 | D13: Hot Springs, NC | E13: Mail to Post Office, M-F 9-11:30 & 1-4, Sa 9-10:30 or buy at Hillbilly Market or Bluff Mountain Outfitters, daily 9-5 | F13: 2
A14: 291.3 | B14: 0.7 | C14: W | D14: Hemlock Hallow | E14: Mail to Hemmlock Hollow Under new ownership. | F14: 1-2
E15: There is $5 fee is you don’t spend the night.
A16: 344.4 | B16: 0 | D16: Erwin, TN | E16: Mail to Uncle Johnny’s Nolichucky Hostel | F16: 5
A17: 420 | B17: 0.3 | C17: W | D17: Dennis Cove Rd Black Bear Resort | E17: Mail to Kincora Hiking Hostel Mail to Black Bear Resort | F17: 1
B18: 0.4 | C18: E
A19: 428.6 | B19: 0.1 | C19: W | D19: Boots Off Hostel & Campground | E19: Mail to Boots Off Hostel & Campground | F19: 3
A20: 470.7 | B20: 0 | D20: Damascus, VA | E20: Mail to Post Office, M-F 8:30-1 & 2-4:30, Sa 9-11 or buy at Food City, 7 days | F20: 5
A21: 545.7 | B21: 0 | D21: Atkins, VA | E21: Mail to Relax Inn. There is $5 fee is you don’t spend the night. | F21: 4-5
A22: 591.8 | B22: 4 | C22: E | D22: Bland, VA | E22: Mail to Post Office, M-F 8:30-11:30 & 12-4, Sa 9 -11 or buy at Grants Supermarket, M-Sa 8-8, Su 10-6
A23: 610.2 | B23: 0.5 | C23: W | D23: Trents Grocery | E23: Mail to Trents Grocery | F23: 1
A24: 625.4 | B24: 0.5 | C24: E | D24: Wood Hole Hostel Sugar Run Gap, VA | E24: Mail to Woods Hole Hostel | F24: 5-6
E25: There is $5 fee is you don’t spend the night.
A26: 637.1 | B26: 1.3 | C26: E | D26: Pearisburg, VA | E26: Mail to Post Office, M-F 9-4:30, Sa 10-12 or buy at Food Lion, 7-11
A27: 704.6 | B27: 1 | C27: W | D27: Catawba, VA | E27: Buy at Catawba Grocery | F27: 1-2
A28: 730.3 | B28: 0 | D28: Daleville, VA | E28: Buy at Kroger Grocery, 24 hr | F28: 10-11 | G28: 3-4 to Glasgow
A29: 787.3 | B29: 5.9 | C29: W | D29: Glasgow, VA | E29: Buy at Glasgow Grocery Express, M-Sa 6-11:30pm, Su 8-1130pm | G29: 5 to Waynesboro
A30: 864.3 | B30: 3.7 | C30: W | D30: Waynesboro, VA | E30: Buy at Martin’s, Wal-mat, Target | G30: 1-2 to Loft Mountain
A31: 892.1 | B31: 0 | D31: Loft Mountain Campground, VA | E31: Buy at Campstore, Open May 4-Oct 30 | F31: 2-3
A32: 925.9 | B32: 0 | D32: Big Meadows, VA | E32: Buy small resupplies at Big Meadows Wayside, Open Mar 25 - Nov 13 | F32: 3
A33: 972.1 | B33: 0.3 | C33: E | D33: Front Royal | E33: Mail to Mountain Home or go into Front Royal (3.5W) to Martin’s. | F33: 2
A34: 1005.6 | B34: 0.2 | C34: E | D34: Bears Den | E34: Mail to Bears Den. | F34: 1
E35: Don’t open the store until 5pm so you can’t technically pick them up until 5. A lot of times we are on site all day so if that person let’s us know that they have a drop we will open up and let them get it early.
E36: We stock the basics, tuna, pasta sides, instant potatoes, oatmeal, crackers, snickers, cliff bars etc
A37: 1019.8 | B37: 0.3 | C37: E | D37: Keys Gap | E37: Mail to or buy at Sweet Springs Country Store, M-Sa 4am-11pm, Su 7am-11pm | F37: 6 miles
A38: 1026.4 | B38: 0 | D38: Harpers Ferry, WV | E38: Buy at General Store or The Outfitter | F38: 6
A39: 1057 | B39: 1.5 | C39: W | D39: Smithsburg, MD | E39: Buy at Food Lion, daily 7-11
A40: 1067.1 | B40: 1.2 | C40: E | D40: Waynesboro, PA | E40: Buy at Wal-mart and others
A41: 1124 | B41: 0 | D41: Boiling Springs, PA | E41: Buy at Karn’s Quality Foods, Daily 7–10 | F41: 1-2
A42: 1132 | B42: 5 | C42: E | D42: Mechanicsburg, PA | E42: But at Wal-mart 4.6E, Gaint Food 4.3E, Wegmans 5.4E
A43: 1149.7 | B43: 0 | D43: Duncannon, PA | E43: Buy at Mutzabaugh’s Market, open 7 days 6am-10pm | F43: 4.5
A44: 1219.8 | B44: 0 | D44: Port Clinton, PA | E44: Mail to Post Office, M-F 12:30-4:30, Sa 8-11 | F44: 4
A45: 1220.5 | B45: 1.6 | C45: E | D45: Hamburg, PA | E45: Walmart Superstore, 24 hours
A46: 1259.9 | B46: 1.5 | C46: W | D46: Palmerton, PA | E46: Buy at Country Harvest, 8am-9pm 7 days
A47: 1280.5 | B47: 1 | C47: E | D47: Wind Gap, PA | E47: Buy at K-Mart, Gaint Food Store 24hr | F47: 1
A48: 1296 | B48: 0 | D48: Delaware Water Gap, PA | E48: Mail via FedEx/UPS to Edge of the Woods Outfitters, Open 7 days | F48: 2-3
A49: 1338.9 | B49: 0 | D49: High Point State Park, NJ | E49: Mail to High Point State Park Headquarters, open M-Sa 8-8 | F49: 1
A50: 1347.7 | B50: 0.7 | C50: W | D50: Unionville, NY | E50: Buy at Horler’s Store, M–Sa 6–8, Su 7–7 | F50: 7-8 | G50: 3-4 to Fort Montgomery
A51: 1406.4 | B51: 1.8 | C51: W | D51: Fort Montgomery, NY | E51: Mail to Post Office, M-F 8-1 & 2:30-5, Sa 9-12 | G51: 3 to AT Station
A52: 1451.7 | B52: 0 | D52: Appalachian Trail Railroad Station, NY | E52: Mail to Native Landscapes & Garden Center, Open daily 9-5 | F52: 2-3
A53: 1470.1 | B53: 0.8 | C53: E | D53: Kent CT | E53: Buy at Davis IGA, M-Sa 8-7 Su 8-5 | F53: 1
A54: 1481.2 | B54: 0.9 | C54: E | D54: Carmwall Bridge, CT | E54: Mail to Post Office, M-F 8:30am-1pm & 2pm-5pm, Sa 9am-12pm | F54: 1
A55: 1495.1 | B55: 0 | D55: Falls Village, CT | E55: Maile to Post Office, M-F 8:20-1pm & 2pm-5pm, Sa 8:30am-12pm | F55: 1
A56: 1502.8 | B56: 0.8 | C56: W | D56: Salisbury, CT | E56: Buy at La Bonne Epicure Market, M–Sa 8–7, Su 8-6pm | F56: 5-6
A57: 1543.4 | B57: 5 | C57: W | D57: Lee, MA | E57: Buy at Price Chopper Supermarket
A58: 1580.9 | B58: 0 | D58: Cheshire, MA | E58: Mail to Post Office, M-F 7:30-1 | F58: 1
E59: & 2-4:30,
E60: Sa 8:30-11:30
A61: 1595.4 | B61: 0.5 | C61: W | D61: Williamstown, MA | E61: Buy at Stop & Shop | F61: 7-6 | G61: 1-2 to Bennington
A62: 1613.8 | B62: 5.1 | C62: W | D62: Bennington, VT | E62: Buy at Wal-mart, Price Chopper, Aldi | G62: 2-3 to Manchester
A63: 1653.9 | B63: 5.4 | C63: W | D63: Manchester, VT | E63: Buy at Price Chopper Supermarket | G63: 3-4 to Killington
A64: 1707.3 | B64: 0 | D64: Killington, VT | E64: Mail to Mountain Meadows Lodge | F64: 1
A65: 1729.9 | B65: 1 | C65: E | D65: South Pomfret, VT | E65: Mail to Post Office, M-F 10am-2pm, Sa 8:30am-11:30am | F65: 1-2
A66: 1750.8 | B66: 0 | D66: Hanover, NH | E66: Buy at Hanover Food Co-op, 8am-8pm, 7 days | F66: 2-3
A67: 1789.2 | B67: 4 | C67: E | D67: Warren, NH | E67: Mail to Post Office, M-F 7:30-9:30 & 3-5, Sa 7:30-12 or buy at Tedeschi Food Shop, Open daily 5-11
A68: 1794.1 | B68: 0 | D68: Glencliff, NH | E68: Mail to Glencliff Post Office, M-F 12-2, Sa 7-1 | F68: 1-2
A69: 1819.9 | B69: 0.7 | C69: E | D69: Franconia Notch, NH | E69: Mail to Flume Visitor Center | F69: 4-5
A70: 1819.9 | B70: 4.8 | C70: S | D70: North Woodstock, NH | E70: Buy at Wayne’s Market, daily 5-10
A71: 1894.5 | B71: 0 | D71: Rattle River Lodge & Hostel | E71: Mail to White Mountains Lodge and Hostel, no requirement to stay but this is a great place. | F71: 7.5 | G71: 2-3 to Andover
D72: or go into Gorham, NH (3.6W) | E72: Or Mail to Post Office in Gorham or buy at Wal-mart which is 2.1 mile beyound Gorham, NH. | G72: 5-6 to Rangeley
A73: 1936.1 | B73: 8 | C73: E | D73: Andover, ME, East B Hill | E73: Mail to Post Office, M-F 9:15-12 & 1-4:15, Sa 9-12 or buy at Andover General Store, M-Sa 5-8, Su 6-8 | G73: 2-3 to Rangeley
D74: Rd | G74: 4-5 to Stratton
A75: 1972.6 | B75: 9 | C75: W | D75: Rangeley, ME, route 4 | E75: Buy at IGA Supermarket, 7 days 7-8 | G75: 2 to Stratton
A76: 2004.8 | B76: 5 | C76: W | D76: Stratton, ME | E76: Buy at Fotter’s Market, M-Th 8-7, F-Sa 8-8, Su 9-5 | G76: 4-5 Monson
A77: 2078.5 | B77: 3.6 | C77: E | D77: Monson, ME | E77: Mail toPost Office, M-F 9:15-12:15 & 1:15-4:15 Sa 7:30-11 | G77: 6-7 to Abol Bridge
A78: 2177.7 | B78: 0 | D78: Abol Bridge, ME | E78: Buy at campstore, Store open May 15-Oct 15, hours 7-7. | G78: Buy here for Katahdin hike
A80: This chart is based off a few things.
A81: 1. This is based off 15 mile hiking days.
A82: 2. Trail towns that are within 1.0 miles from AT trail heads (highlighted in yellow).
A83: 3. How many days to the next town that is within 1.0 miles from the AT.
A84: 4. I tried to keep it so that only five days’ worth of food or less would need to be carried,
B85: but this was not always possible.
A86: at-resupply.pdf
B88: =COUNTIF(B2:B78,"<=2") -> 49

Sheet Post Offices
A1: Legend
A2: Services | E2: PO Count by mile range
A3: P = post office | B3: C = camping | E3: =COUNTIF(E24:E95,0) -> 8 | F3: 0 miles from trail
A4: M = meals | B4: O = outfitters | E4: =COUNTIFS(E25:E96,">0",E25:E96,"<=2") -> 22 | F4: <= 2 miles from the trail
A5: G = grocery | B5: H =hostel | E5: =COUNTIFS(E26:E97,">2",E26:E97,"<=5") -> 16 | F5: 2-5 miles
A6: g = small grocery | B6: I = Internet
A7: L = lodging | B7: $ = bank or ATM
A8: cl = laundromat
A9: Sh = shower
A11: Delivery | B11: Type
A12: USPS — United States Post Office | B12: P — Post Office
A13: UPS — United Parcel Service | B13: H — Hostel
A14: FedEx | B14: S — Store
A17: M-O-T — Miles off trail to town.
A18: Miles — Number of trail miles to the next trail town. | F18: 2020 Appalachian Trail Post Offices listing (whiteblaze.net)
A21: Georgia-North Carolina-Tennessee | E21: Appalachian Long Distance Hikers Association - AT Mailing Labels (aldha.org)
A22: Location | B22: Website | C22: Miles | D22: Miles | E22: M-O-T | F22: Services | G22: Delivery | H22: Miles north | I22: Miles south
C23: S-N | D23: N-S
A24: Springer Mountain | B24: www | C24: 20.5 | D24: -- | E24: * | H24: 0 | I24: 2193
A25: Suches, GA | B25: www | C25: 31.8 | D25: 21.1 | E25: 2 | F25: P, g, C, cl, S, I, | G25: USPS | H25: 20.5 | I25: 2172.5
A26: Helen, GA | B26: www | C26: 16.9 | D26: 31.8 | E26: 9 | F26: P, G, M, L, I, | G26: USPS | H26: 52.5 | I26: 2140.5
A27: Hiawassee, GA | B27: www | C27: 40.2 | D27: 16.9 | E27: 11 | F27: All, drop | G27: USPS | H27: 69.2 | I27: 2123.8
A28: Franklin, NC | B28: www | C28: 27.3 | D28: 40.2 | E28: 10 | F28: All, Hostels | G28: USPS | H28: 109.4 | I28: 2083.6
A29: Bryson City, NC | B29: www | C29: 27.6 | D29: 27.3 | E29: 13 | F29: P, G, M, L, I, $, drop | G29: USPS | H29: 136.7 | I29: 2056.3
A30: Fontana Village, NC | B30: www | C30: 42.6 | D30: 27.6 | E30: 1.8 | F30: P, g, M, L, hostel | G30: USPS | H30: 164.7 | I30: 2028.3
A31: Gatlinburg, TN | B31: www | C31: 67.1 | D31: 42.6 | E31: 15 | F31: All, drop | G31: USPS | H31: 207.7 | I31: 1985.3
A32: Hot Springs, NC | B32: www | C32: 68.6 | D32: 67.1 | E32: 0 | F32: All, hostels, drop | G32: USPS | H32: 274.9 | I32: 1918.1
A33: Erwin, TN | B33: www | C33: 50.8 | D33: 68.6 | E33: 3.8 | F33: P, G, L, cl, C, I, $, hostel | G33: USPS | H33: 344.3 | I33: 1848.7
A34: Roan Mountain, TN | B34: www | C34: 33.3 | D34: 50.8 | E34: 3.4 | F34: P, M, g, $, hostel | G34: USPS | H34: 395.3 | I34: 1797.7
A35: Elk Park, NC | B35: www | C35: '' | D35: '' | E35: 2.5 | F35: P, M, g | G35: USPS | H35: " | I35: "
A36: Hampton, TN | B36: www | C36: 27 | D36: 33.3 | E36: 2 | F36: P, M, G, L, $, hostel, drop | G36: USPS | H36: 428.6 | I36: 1764.4
A37: Shady Valley, TN | B37: www | C37: 15 | D37: 27 | E37: 2.7 | F37: P, M, g | G37: USPS | H37: 455.7 | I37: 1737.3
A39: Virginia-West Virginia
A40: Location | B40: Website | C40: Miles | D40: Miles | E40: M-O-T | F40: Services | G40: Delivery | H40: Miles north | I40: Miles south
C41: S-N | D41: N-S
A42: Damascus, VA | B42: www | C42: 47.7 | D42: 15 | E42: 0 | F42: All, hostels, drop | G42: USPS | H42: 471.5 | I42: 1720.5
A43: Troutdale, VA | B43: www | C43: 24.8 | D43: 47.7 | E43: 2.6 | F43: P, hostel | G43: USPS | H43: 520 | I43: 1672
A44: Atkins, VA | B44: www | C44: 46.5 | D44: 24.8 | E44: 3.2 | F44: P, M, G, L | G44: USPS | H44: 545.5 | I44: 1646.5
A45: Bland, VA | B45: www | C45: 45.7 | D45: 46.5 | E45: 2.7 | F45: P, M, G, L, cl, I, $ | G45: USPS | H45: 591.6 | I45: 1600.4
A46: Pearisburg, VA | B46: www | C46: 73.1 | D46: 45.7 | E46: 1 | F46: P, M, G, L, cl, I, $, hostel, drops | G46: USPS | H46: 636.9 | I46: 1555.1
A47: Catawba, VA | B47: www | C47: 19.8 | D47: 73.1 | E47: 1 | F47: P, M, hostel | G47: USPS | H47: 709.8 | I47: 1481.2
A48: Daleville, VA | B48: www | C48: 1.5 | D48: 19.8 | E48: 1 | F48: P, M, G, L, I, $, drop | G48: USPS | H48: 729.6 | I48: 1462.4
A49: Troutville, VA | B49: www | C49: 55.3 | D49: 1.5 | E49: 1.3 | F49: P, g, drop | G49: USPS | H49: 731.1 | I49: 1460.9
A50: Big Island, VA | B50: www | C50: 21.8 | D50: 55.3 | E50: 4.7 | F50: P, M, G, cl, S | G50: USPS | H50: 786.6 | I50: 1405.4
A51: Glasgow, VA | B51: www | C51: " | D51: " | E51: 5.9 | F51: P, M, G, L, C, cl | G51: USPS | H51: " | I51: "
A52: Buena Vista, VA | B52: www | C52: 16.3 | D52: 21.8 | E52: 9.3 | F52: P, M, G, L, C, cl | G52: USPS | H52: 808.4 | I52: 1383.6
A53: Montebello, VA | B53: www | C53: 38.9 | D53: 16.3 | E53: 5.9 | F53: P, M, g, L, C, cl, S | G53: USPS | H53: 824.7 | I53: 1364.3
A54: Waynesboro, VA | B54: www | C54: 80.1 | D54: 38.9 | E54: 4.5 | F54: All | G54: USPS | H54: 863.6 | I54: 1328.4
A55: Luray, VA | B55: www | C55: 27.7 | D55: 80.1 | E55: 5.6 | F55: All | G55: USPS | H55: 943.7 | I55: 1248.3
A56: Front Royal, VA | B56: www | C56: 6.2 | D56: 27.7 | E56: 4.2 | F56: All | G56: USPS | H56: 971.4 | I56: 1220.6
A57: Linden, VA | B57: www | C57: 45.1 | D57: 6.2 | E57: 1.1 | F57: P, M, g | G57: USPS | H57: 977.7 | I57: 1214.3
A58: Harpers Ferry, WV | B58: www | C58: 31.6 | D58: 45.1 | E58: 0.5 | F58: P, M, g, L, $, hostels | G58: USPS | H58: 1024.4 | I58: 1167.6
A59: Mid-Atlantic
A60: Location | B60: Website | C60: Miles | D60: Miles | E60: M-O-T | F60: Services | G60: Delivery | H60: Miles north | I60: Miles south
C61: S-N | D61: N-S
A62: Smithsburg, MD | B62: www | C62: 9.8 | D62: 31.6 | E62: 2 | F62: P, M, G, cl, I | G62: USPS | H62: 1056.3 | I62: 1135.7
A63: Cascade, MD | B63: www | C63: 13.4 | D63: 9.8 | E63: 1.4 | F63: P, G, L, M, I | G63: USPS | H63: 1066.1 | I63: 1125.9
A64: South Mountain, PA | B64: www | C64: 43.8 | D64: 13.4 | E64: 1.2 | F64: P, M, L | G64: USPS | H64: 1075.5 | I64: 1112.5
A65: Boiling Springs, PA | B65: www | C65: 25.7 | D65: 43.8 | E65: 0 | F65: P, G, M, L, C, O, drop | G65: USPS | H65: 1123.6 | I65: 1068.4
A66: Duncannon, PA | B66: www | C66: 70.1 | D66: 25.7 | E66: 0 | F66: P, M, G, L, D, I, $, drop | G66: USPS | H66: 1149 | I66: 1043
A67: Port Clinton, PA | B67: www | C67: 40.3 | D67: 70.1 | E67: 0 | F67: P, M, L, S | G67: USPS | H67: 1219.6 | I67: 972.4
A68: Palmerton, PA | B68: www | C68: 36 | D68: 40.3 | E68: 2 | F68: P, M, G, L, cl, I, | G68: USPS | H68: 1259.6 | I68: 932.4
A69: Delaware Water Gap, PA | B69: www | C69: 51.5 | D69: 36 | E69: 0.1 | F69: P, M, G, L, hostel | G69: USPS | H69: 1295.3 | I69: 898.7
A70: Unionville, NY | B70: www | C70: 11.8 | D70: 51.5 | E70: 0.4 | F70: P, M, g, C | G70: USPS | H70: 1346.8 | I70: 845.2
A71: Vernon, NJ | B71: www | C71: 15 | D71: 11.8 | E71: 2.4 | F71: P, M, G, L, cl, S, I, $ | G71: USPS | H71: 1358.6 | I71: 833.4
A72: Greenwood Lake, NY | B72: www | C72: 31.2 | D72: 15 | E72: 2 | F72: P, M, G, L | G72: USPS | H72: 1373.7 | I72: 818.3
A73: Bear Mountain, NY | B73: www | C73: 43.4 | D73: 31.2 | E73: 0.5 | F73: P, L | G73: USPS | H73: 1404.7 | I73: 787.3
A74: Pawling, NY | B74: www | C74: 20.8 | D74: 43.4 | E74: 3.1 | F74: P, M, G, cl, C, I, $ | G74: USPS | H74: 1448.2 | I74: 743.8
A78: New England
A79: Location | B79: Website | C79: Miles | D79: Miles | E79: M-O-T | F79: Services | G79: Delivery | H79: Miles north | I79: Miles south
C80: S-N | D80: N-S
A81: Kent, CT | B81: www | C81: 32.5 | D81: 20.8 | E81: 0.8 | F81: All | G81: USPS | H81: 1469 | I81: 723
A82: Salisbury, CT | B82: www | C82: 22.4 | D82: 32.5 | E82: 0.4 | F82: P, M, G,L, cl, I, $ | G82: USPS | H82: 1501.5 | I82: 690.5
A83: Great Barrington, MA | B83: www | C83: 18.4 | D83: 22.4 | E83: 1.8 | F83: All, drop | G83: USPS | H83: 1522.8 | I83: 669.2
A84: Tyringham, MA | B84: www | C84: 27.7 | D84: 18.4 | E84: 0.6 | F84: P, L | G84: USPS | H84: 1542.2 | I84: 649.8
A85: Dalton, MA | B85: www | C85: 9 | D85: 27.7 | E85: 0 | F85: P, M, G, L, C, I, $ | G85: USPS | H85: 1570.2 | I85: 620.8
A86: Cheshire, MA | B86: www | C86: 32.9 | D86: 9 | E86: 0 | F86: P, G, M, O, S | G86: USPS | H86: 1579.9 | I86: 612.1
A87: Williamstown, MA | B87: www | C87: 18.4 | D87: 25.5 | E87: 2.6 | F87: P, G, M, O, S | G87: USPS | H87: 1594.4 | I87: 597.6
A88: Bennington, VT | B88: www | C88: 40.1 | D88: 32.9 | E88: 5 | F88: All | G88: USPS | H88: 1612.8 | I88: 579.2
A89: Manchester Center, VT | B89: www | C89: 49.8 | D89: 40.1 | E89: 5.8 | F89: All, hostel, drop | G89: USPS | H89: 1652.9 | I89: 539.1
A90: Rutland, VT | B90: www | C90: 46.1 | D90: 49.8 | E90: 8.9 | F90: All, hostel, drops | G90: USPS | H90: 1703 | I90: 489
A91: Hanover, NH | B91: www | C91: 43.3 | D91: 46.1 | E91: 0 | F91: All | G91: USPS | H91: 1750.8 | I91: 442.2
A92: Glencliff, NH | B92: www | C92: 25.8 | D92: 43.3 | E92: 0.4 | F92: P, hostel | G92: USPS | H92: 1794.1 | I92: 398.9
... A99: Monson, ME | B99: www | C99: 114.5 | D99: 36.7 | E99: 4 | F99: P, L, g, M, D, S, I, $, hostels | G99: USPS | H99: 2078.5 | I99: 114.5
A100: Katahdin | B100: www | C100: -- | D100: 114.5 | E100: * | H100: 2193 | I100: 0

Sheet Hostels_Drops
B1: Hostels, Lodging & Drops
B2: Trail Crossing | C2: Location | D2: Mileage | E2: M-O-T | F2: Website | G2: Phone | H2: Delivery
A3: =E3 -> -- | B3: Approach Trail | C3: Amicalola Falls State Park | D3: -- | E3: -- | F3: www | G3: 706.344.1500 | H3: USPS or UPS
A4: =IF(E4="""",E3,E4) -> 0 | B4: Neel Gap | C4: Mountain Crossings (g) | D4: 31.3 | E4: 0 | F4: www | G4: 706.745.6095 | H4: USPS or UPS
A5: =IF(E5="""",E4,E5) -> 11 | B5: Dick's Creek Gap | C5: Hiawassee Budget Inn | D5: " | E5: 11 | F5: www | G5: 706.896.4121 | H5: UPS
A6: =IF(E6="""",E5,E6) -> 10 | B6: Winding Stair Gap | C6: Budget Inn | D6: 109.4 | E6: 10 | G6: 828.524.4403 | H6: USPS
A7: =IF(E7="""",E6,E7) -> 10 | B7: Winding Stair Gap | C7: "Baltimore Jack" Tarlin Hostel | D7: " | E7: " | F7: www | G7: 828.524.2604 | H7: USPS
A8: =IF(E8="""",E7,E8) -> 2 | B8: Burningtown Gap | C8: Aquone Hostel | D8: 125 | E8: 2 | F8: www | G8: 828.321.2340 | H8: USPS
A9: =IF(E9="""",E8,E9) -> 0 | B9: Wesser, NC | C9: Nantahala Outdoor Center | D9: 137.7 | E9: 0 | F9: www | G9: 888.905.7238 | H9: All
A10: =IF(E10="""",E9,E10) -> 2 | B10: Fontana Dam | C10: Fontana Lodge | D10: 164.5 | E10: 2 | F10: www | G10: 800.849.2258 | H10: USPS
A11: =IF(E11="""",E10,E11) -> 6 | B11: Fontana Dam | C11: The Hike Inn | D11: " | E11: 6 | F11: www | G11: 828.479.3677 | H11: USPS
A12: =IF(E12="""",E11,E12) -> 15 | B12: Newfound Gap | C12: The Appy Lodge | D12: 207.7 | E12: 15 | F12: www | G12: 800.732.2802 | H12: All
A13: =IF(E13="""",E12,E13) -> 15 | B13: Newfound Gap | C13: Motel 6 | D13: 207.7 | E13: 15 | F13: www | G13: 800.732.2802 | H13: All
A14: =IF(E14="""",E13,E14) -> 0.1 | B14: Green Corner Rd. | C14: Standing Bear Farm (g) | D14: 241.5 | E14: 0.1 | G14: 423.487.0014 | H14: USPS
A15: =IF(E15="""",E14,E15) -> 0 | B15: Hot Springs, NC | C15: The Hostel @ The Laughing Heart Lodge | D15: 274.9 | E15: 0 | F15: www | G15: 828.206.8487 | H15: USPS
A16: =IF(E16="""",E15,E16) -> 0 | B16: Hot Springs, NC | C16: The Sunnybank Inn | D16: " | E16: " | F16: www | G16: 828.622.3231 | H16: USPS
A17: =IF(E17="""",E16,E17) -> " | B17: Hot Springs, NC | C17: Bluff Mountain Outfitters (g) | D17: " | E17: " | F17: www | G17: 828.622.7162 | H17: USPS
A18: =IF(E18="""",E17,E18) -> 0 | B18: Erwin, TN | C18: Nolichucky Hostel | D18: 344.3 | E18: 0 | F18: www | G18: 423.735.0548 | H18: USPS or UPS
A19: =IF(E19="""",E18,E19) -> 0.6 | B19: Greasy Creek Gap | C19: Greasy Creek Friendly | D19: 368.5 | E19: 0.6 | G19: 828.688.9948 | H19: USPS
A20: =IF(E20="""",E19,E20) -> 0.3 | B20: 19E | C20: Mountain Harbour Hostel | D20: 395.2 | E20: 0.3 | F20: www | G20: 866.772.9494 | H20: USPS
A21: =IF(E21="""",E20,E21) -> 0.7 | B21: 19E | C21: The Station @ 19E | D21: 395.2 | E21: 0.7 | F21: www | G21: 423.250.3700 | H21: USPS
A22: =IF(E22="""",E21,E22) -> 0.4 | B22: Upper Laurel Fork | C22: Vango Solar Hostel | D22: 407.6 | E22: 0.4 | G22: 423.772.3450 | H22: USPS
A23: =IF(E23="""",E22,E23) -> 0.2 | B23: Dennis Cove Rd. | C23: Kincora Hostel | D23: 419.9 | E23: 0.2 | G23: 423.725.4409 | H23: USPS
A24: =IF(E24="""",E23,E24) -> 0.4 | B24: Dennis Cove Rd. | C24: Black Bear Resort | D24: " | E24: 0.4 | F24: www | G24: 423.725.5988 | H24: USPS
A25: =IF(E25="""",E24,E25) -> 0 | B25: Damascus, VA | C25: Mount Rogers Outfitters | D25: 470.5 | E25: 0 | F25: www | G25: 276.475.5416 | H25: USPS
A26: =IF(E26="""",E25,E26) -> 0 | B26: Atkins, VA | C26: The Relax Inn | D26: 545.5 | E26: 0 | G26: 276.783.5811 | H26: USPS
A27: =IF(E27="""",E26,E27) -> 0.5 | B27: VA 606 | C27: Trent Grocery | D27: 607 | E27: 0.5 | G27: 276.928.1349 | H27: USPS
A28: =IF(E28="""",E27,E28) -> 0.5 | B28: Sugar Run Gap | C28: Woodshole Hostel | D28: 625.2 | E28: 0.5 | F28: www | G28: 540.921.3444 | H28: USPS
A29: =IF(E29="""",E28,E29) -> 1 | B29: Pearisburg, VA | C29: Holiday Motor Lodge | D29: 635.6 | E29: 1 | G29: 540.921.1551 | H29: USPS
A30: =IF(E30="""",E29,E30) -> 1 | B30: Pearisburg, VA | C30: Plaza Motel | D30: " | E30: " | G30: 540.921.2591 | H30: USPS
A31: =IF(E31="""",E30,E31) -> 0.4 | B31: VA 624 | C31: 4 Pines Hostel | D31: 703.9 | E31: 0.4 | F31: www | G31: 540.309.8615 | H31: USPS or UPS
A32: =IF(E32="""",E31,E32) -> 0 | B32: US 220 | C32: Howard Johnsons Express Inn | D32: 729.6 | E32: 0 | F32: www | G32: 540.992.1234 | H32: USPS or UPS
A33: =IF(E33="""",E32,E33) -> 0.5 | B33: US 11 | C33: The Comfort Inn | D33: 731.3 | E33: 0.5 | F33: www | G33: 540.992.5600 | H33: USPS or UPS
A34: =IF(E34="""",E33,E34) -> 0.1 | B34: Snickers Gap | C34: Bears Den Trail Center | D34: 1005.5 | E34: 0.1 | F34: www | G34: 540.554.8708 | H34: USPS
A35: =IF(E35="""",E34,E35) -> 0.2 | B35: Harpers Ferry | C35: ATC Headquarters | D35: 1024.7 | E35: 0.2 | F35: www | G35: 304.535.6848 | H35: USPS, UPS or FedEx
A36: =IF(E36="""",E35,E36) -> 0 | B36: Duncannon, PA | C36: Kind Of Outdoorsy | D36: 1149 | E36: 0 | F36: www | H36: USPS
A37: =IF(E37="""",E36,E37) -> 1 | B37: Port Clinton, PA | C37: Microtel Inn | D37: 1219.1 | E37: 1 | F37: www | G37: 610.562.4234 | H37: USPS
A38: =IF(E38="""",E37,E38) -> 0 | B38: Salisbury, CT | C38: Maria McCabe | D38: 1501.1 | E38: 0 | G38: 860.435.0593 | H38: USPS
A39: =IF(E39="""",E38,E39) -> 1.6 | B39: MA 23 | C39: East Mountain Retreat | D39: 1531.2 | E39: 1.6 | F39: www | G39: 413.528.6617 | H39: UPS or FedEx
A40: =IF(E40="""",E39,E40) -> 2 | B40: Williamstown, MA | C40: The Willow Motel | D40: 1.594.4 | E40: 2 | F40: www | G40: 413.458.5768 | H40: USPS
A41: =IF(E41="""",E40,E41) -> 5.5 | B41: Manchester Center, VT | C41: The Mountain Goat | D41: 1652.9 | E41: 5.5 | F41: www | G41: 802.362.5159 | H41: All
A42: =IF(E42="""",E41,E42) -> 0.9 | B42: US 4 | C42: The Inn at the Long Trail | D42: 1703 | E42: 0.9 | F42: www | G42: 802.775.7181 | H42: UPS or FedEx
A43: =IF(E43="""",E42,E43) -> 7.5 | B43: Rutland, VT | C43: Hostel at the Yellow Deli | D43: " | E43: 7.5 | F43: www | G43: 802.775.9800 | H43: USPS
A44: =IF(E44="""",E43,E44) -> 0.5 | B44: VT 100 | C44: Basecamp Outfitter | D44: 1706.3 | E44: 0.5 | F44: www | G44: 802.775.0166 | H44: USPS
A45: =IF(E45="""",E44,E45) -> 0.4 | B45: Glencliff, NH | C45: Hikers' Welcome Hostel | D45: 1793.1 | E45: 0.4 | F45: www | G45: 603.989.0040 | H45: USPS, UPS or FedEx
A46: =IF(E46="""",E45,E46) -> 0 | B46: US 2 | C46: Rattle River Lodge & Hostel | D46: 1893.7 | E46: 0 | F46: www | G46: 603.466.5049 | H46: USPS
A47: =IF(E47="""",E46,E47) -> 3.6 | B47: US 2 | C47: The Barn Hostel | D47: " | E47: 3.6 | F47: www | G47: 603.466.2271 | H47: USPS
A48: =IF(E48="""",E47,E48) -> 8 | B48: Andover, ME | C48: Pine Ellis Hiking Lodge | D48: 1935.1 | E48: 8 | F48: www | G48: 207.392.4161 | H48: USPS
A49: =IF(E49="""",E48,E49) -> 5 | B49: Stratton, ME | C49: Stratton Motel & Hostel | D49: 2003.8 | E49: 5 | F49: www | G49: 207.246.4171 | H49: USPS
A50: =IF(E50="""",E49,E50) -> 2 | B50: US 201 | C50: Northern Outdoors & Resort | D50: 2040.8 | E50: 2 | F50: www | G50: 800.765.7238 | H50: USPS
A51: =IF(E51="""",E50,E51) -> 4 | B51: Monson, ME | C51: Shaw's Hiker Hostel | D51: 2077.5 | E51: 4 | F51: www | G51: 207.997.3597 | H51: USPS
A52: =IF(E52="""",E51,E52) -> 4 | B52: Monson, ME | C52: Lakeshore House Lodging | D52: " | E52: " | F52: www | G52: 207.343.5033 | H52: USPS
A53: =IF(E53="""",E52,E53) -> * | B53: Millinocket, ME | C53: Appalachian Trail Lodge | D53: * | E53: * | F53: www | G53: 207.723.4321 | H53: USPS
B55: Appalachian Long Distance Hikers Association - AT Mailing Labels (aldha.org)
B57: 0 miles from trail
B58: .1 - 2 miles from trail
B59: 2.1-5 miles from trail

Sheet MailDrops
E1: Update Mail Drop locations and address
A2: Drop Number: | B2: Date to ship: | C2: Date to arrive: | D2: Postage: | E2: Mail to: | F2: Contents: | G2: Added stuff requested: | H2: notes
A3: 1 | B3: =SUM(C3,-9) -> 46462 | C3: ='Itinerary-OLD'!C6 -> 46471 | E3: =("David Smith c/o General Dilevery Neels Gap Hold for A.T. Hiker, expected " &TEXT($C3,"d mmmm")) -> David Smith c/o General Dilevery Neels Gap Hold for A.T. Hiker, expected 25 March | F3: Food, maps (1, 2, 3) | H3: Neel's Gap, GA - 30.5 (Walasi-Yi accepts mail drops)
A4: =A3+1 -> 2 | B4: =SUM(C4,-9) -> 46465 | C4: ='Itinerary-OLD'!C10 -> 46474 | E4: =("Hiawassee, Ga (Poteats 3.5m) Hold for A.T. hiker, expected " &TEXT(C4,"d mmmm") ) -> Hiawassee, Ga (Poteats 3.5m) Hold for A.T. hiker, expected 28 March | H4: -Hiawassee, GA (D) - 66.6 (Hitch to town 3.5m)
A5: =A4+1 -> 3 | B5: =SUM(C5,-9) -> 46462 | C5: ='Itinerary-OLD'!C6 -> 46471 | E5: =("NOC, NC Hold for A.T. hiker, expected " &TEXT(C5,"d mmmm") ) -> NOC, NC Hold for A.T. hiker, expected 25 March | H5: accepts mail drops
A6: =A5+1 -> 4 | B6: =SUM(C6,-9) -> 46473 | C6: ='Itinerary-OLD'!C18 -> 46482 | E6: =("David Smith c/o General Dilevery Fontanna Dam, NC 28733 Hold for A.T. Hiker, expected "&TEXT(C6,"d mmmm")) -> David Smith c/o General Dilevery Fontanna Dam, NC 28733 Hold for A.T. Hiker, expected 5 April | H6: Fontanna Dam Shelter PO 2 mi
A7: =A6+1 -> 5 | B7: =SUM(C7,-9) -> 46480 | C7: ='Itinerary-OLD'!C27 -> 46489 | E7: =("Hot Spring, NC Hold for A.T. hiker, expected " &TEXT(C7,"d mmmm") ) -> Hot Spring, NC Hold for A.T. hiker, expected 12 April
A8: =A7+1 -> 6 | B8: =SUM(C8,-9) -> 46486 | C8: ='Itinerary-OLD'!C33 -> 46495 | E8: =("Erwin, TN Hold for A.T. hiker, expected " &TEXT(C8,"d mmmm") ) -> Erwin, TN Hold for A.T. hiker, expected 18 April | H8: PO 3.8 mi
A9: =A8+1 -> 7 | B9: =SUM(C9,-9) -> 46491 | C9: ='Itinerary-OLD'!C38 -> 46500 | E9: =("Kincora, TN Hold for A.T. hiker, expected " &TEXT(C9,"d mmmm") ) -> Kincora, TN Hold for A.T. hiker, expected 23 April | H9: Hostel Spend night, Mail Drop
A10: =A9+1 -> 8 | B10: =SUM(C10,-9) -> 46495 | C10: ='Itinerary-OLD'!C42 -> 46504 | E10: =("Damascus, VA Hold for A.T. hiker, expected " &TEXT(C9,"d mmmm") ) -> Damascus, VA Hold for A.T. hiker, expected 23 April
A11: =A10+1 -> 9 | B11: =SUM(C11,-9) -> 46501 | C11: ='Itinerary-OLD'!C48 -> 46510 | E11: =("Atkins, VA Hold for A.T. hiker, expected " &TEXT(C11,"d mmmm") ) -> Atkins, VA Hold for A.T. hiker, expected 3 May | H11: PO 3.2 mi
A12: =A11+1 -> 10 | B12: =SUM(C12,-9) -> 46507 | C12: ='Itinerary-OLD'!C54 -> 46516 | E12: =("Pearisburg, VA Hold for A.T. hiker, expected " &TEXT(C12,"d mmm") ) -> Pearisburg, VA Hold for A.T. hiker, expected 9 May
A13: =A12+1 -> 11 | B13: =SUM(C13,-9) -> 46513 | C13: ='Itinerary-OLD'!C60 -> 46522 | E13: =("Daleville, VA Hold for A.T. hiker, expected " &TEXT(C13,"d mmmm") ) -> Daleville, VA Hold for A.T. hiker, expected 15 May
A14: =A13+1 -> 12 | B14: =SUM(C14,-9) -> 46521 | C14: ='Itinerary-OLD'!C68 -> 46530 | E14: =("Waynesboro, VA Hold for A.T. hiker, expected " &TEXT(C14,"d mmmm") ) -> Waynesboro, VA Hold for A.T. hiker, expected 23 May | H14: PO 4.5 mi
A15: =A14+1 -> 13 | B15: =SUM(C15,-9) -> 46526 | C15: ='Itinerary-OLD'!C73 -> 46535 | E15: =("Linden, VA Hold for A.T. hiker, expected " &TEXT(C15,"d mmmm") ) -> Linden, VA Hold for A.T. hiker, expected 28 May
A16: =A15+1 -> 14 | B16: =SUM(C16,-9) -> 46530 | C16: ='Itinerary-OLD'!C77 -> 46539 | E16: =("Harpers Ferry, WV Hold for A.T. hiker, expected " &TEXT(C16,"d mmmm") ) -> Harpers Ferry, WV Hold for A.T. hiker, expected 1 June
C17: ='Itinerary-OLD'!C81 -> 46543 | E17: Pine Grove Furnace, Meet with family and friends | H17: Personal delivery
A18: =A16+1 -> 15 | B18: =SUM(C18,-9) -> 46538 | C18: ='Itinerary-OLD'!C85 -> 46547 | E18: =("Duncannon, PA Hold for A.T. hiker, expected " &TEXT(C18,"d mmmm") ) -> Duncannon, PA Hold for A.T. hiker, expected 9 June
A19: =A18+1 -> 16 | B19: =SUM(C19,-9) -> 46543 | C19: ='Itinerary-OLD'!C90 -> 46552 | E19: =("Port Clinton, PA Hold for A.T. hiker, expected " &TEXT(C19,"d mmmm") ) -> Port Clinton, PA Hold for A.T. hiker, expected 14 June
A20: =A19+1 -> 17 | B20: =SUM(C20,-9) -> 46548 | C20: ='Itinerary-OLD'!C95 -> 46557 | E20: =("DWG, PA Hold for A.T. hiker, expected " &TEXT(C20,"d mmmm") ) -> DWG, PA Hold for A.T. hiker, expected 19 June
A21: =A20+1 -> 18 | B21: =SUM(C21,-9) -> 46552 | C21: ='Itinerary-OLD'!C99 -> 46561 | E21: =("Vernon, NJ Hold for A.T. hiker, expected " &TEXT(C21,"d mmmm") ) -> Vernon, NJ Hold for A.T. hiker, expected 23 June | H21: (PO 2.4 mi) Church Hostel, supermarket
A22: =A21+1 -> 19 | B22: =SUM(C22,-9) -> 46556 | C22: ='Itinerary-OLD'!C103 -> 46565 | E22: =("Bear Mountain, NY Hold for A.T. hiker, expected " &TEXT(C22,"d mmmm") ) -> Bear Mountain, NY Hold for A.T. hiker, expected 27 June
A23: =A22+1 -> 20 | B23: =SUM(C23,-9) -> 46561 | C23: ='Itinerary-OLD'!C108 -> 46570 | E23: =("Falls Village, CT Hold for A.T. hiker, expected " &TEXT(C23,"d mmmm") ) -> Falls Village, CT Hold for A.T. hiker, expected 2 July
A24: =A23+1 -> 21 | B24: =SUM(C24,-9) -> 46568 | C24: ='Itinerary-OLD'!C115 -> 46577 | E24: =("Cheshire, MA Hold for A.T. hiker, expected " &TEXT(C24,"d mmmm") ) -> Cheshire, MA Hold for A.T. hiker, expected 9 July
A25: =A24+1 -> 22 | B25: =SUM(C25,-9) -> 46574 | C25: ='Itinerary-OLD'!C121 -> 46583 | E25: =("Manchester Center, VT Hold for A.T. hiker, expected " &TEXT(C25,"d mmmm") ) -> Manchester Center, VT Hold for A.T. hiker, expected 15 July | F25: Food, maps (1, 2, 3), Winter gear | G25: *** Ship winter Gear for Whites *** | H25: PO 5.5 mi
A26: =A25+1 -> 23 | B26: =SUM(C26,-9) -> 46580 | C26: ='Itinerary-OLD'!C127 -> 46589 | E26: =("Hanover, NH Hold for A.T. hiker, expected " &TEXT(C26,"d mmmm") ) -> Hanover, NH Hold for A.T. hiker, expected 21 July
A27: =A26+1 -> 24 | B27: =SUM(C27,-9) -> 46585 | C27: ='Itinerary-OLD'!C132 -> 46594 | E27: =("David Smith c/o General Delivery Glencliff, NH 03238 Hold for A.T. hiker, expected " &TEXT(C27,"d mmmm") ) -> David Smith c/o General Delivery Glencliff, NH 03238 Hold for A.T. hiker, expected 26 July
A28: =A27+1 -> 25 | B28: =SUM(C28,-9) -> 46588 | C28: ='Itinerary-OLD'!C135 -> 46597 | E28: =("North Woodstock, NH Hold for A.T. hiker, expected " &TEXT(C28,"d mmmm") ) -> North Woodstock, NH Hold for A.T. hiker, expected 29 July | H28: PO 5.8 mi
A29: =A28+1 -> 26 | B29: =SUM(C29,-9) -> 46593 | C29: ='Itinerary-OLD'!C140 -> 46602 | E29: =("Gorham, NH Hold for A.T. hiker, expected " &TEXT(C29,"d mmmm") ) -> Gorham, NH Hold for A.T. hiker, expected 3 August | H29: PO 3.6 mi
A30: =A29+1 -> 27 | B30: =SUM(C30,-9) -> 46598 | C30: ='Itinerary-OLD'!C145 -> 46607 | E30: =("Andover, ME Hold for A.T. hiker, expected " &TEXT(C30,"d mmmm") ) -> Andover, ME Hold for A.T. hiker, expected 8 August
A31: =A30+1 -> 28 | B31: =SUM(C31,-9) -> 46604 | C31: ='Itinerary-OLD'!C151 -> 46613 | E31: =("Strantton, ME Hold for A.T. hiker, expected " &TEXT(C31,"d mmmm") ) -> Strantton, ME Hold for A.T. hiker, expected 14 August
A32: =A31+1 -> 29 | B32: =SUM(C32,-9) -> 46609 | C32: ='Itinerary-OLD'!C156 -> 46618 | E32: =("Monson, ME Hold for A.T. hiker, expected " &TEXT(C32,"d mmmm") ) -> Monson, ME Hold for A.T. hiker, expected 19 August
A33: =A32+1 -> 30 | B33: =SUM(C33,-9) -> 46615 | C33: ='Itinerary-OLD'!C162 -> 46624 | E33: =("Abol Bridge, ME Hold for A.T. hiker, expected " &TEXT(C33,"d mmmm") ) -> Abol Bridge, ME Hold for A.T. hiker, expected 25 August
E36: http://www.whiteblaze.net/index.php?page=postoffices
E37: http://www.whiteblaze.net/forum/showthread.php?p=95199&postcount=1
E40: (D) Warren Doyle recommended
E41: (PO #miles) PO followed by number of miles off trail
E42: (PO) PO on trail
E43: - off trail
E46: Neel's Gap, GA - 30.5 (Walasi-Yi accepts mail drops)
E47: -Hiawassee, GA (D) - 66.6 (Hitch to town 3.5m)
E48: NOC, NC - 133.9 (accepts mail-drops)
E49: -Fontana Dam, NC (D) - 161.5 (PO 2 mi)
E50: Hot Spring, NC (D) - 270.7 (PO)
E51: -Erwin, TN (D) - 338.7 (PO 3.8 mi)
... E82: Abol Bridge

Sheet Info
A1: ALDHA - Companion | B1: ALDHA - Thru-Hikers' Companion | E1: TABLE 1 -- Days to Complete Various Sections
A2: ALDHA - Planning | B2: Appalachian Long Distance Hikers Association - Planning (aldha.org)
A3: ALDHA - Post Offices / Hostels | B3: Appalachian Long Distance Hikers Association - AT Mailing Labels (aldha.org) | E3: DAYS ~~~ TOTAL DAYS ~~ SECTION
E4: 8.0 days..........(8.0)............Springer to Georgia Border (7.7 days)
A5: WhiteBlaze trail guide | B5: WhiteBlaze Pages guidebooks | E5: 7.9 days.........(15.9)...........Georgia Border to Fontana (7.7 days)
A6: WhiteBlaze Hostels | B6: 2020 Appalachian Trail Hostel listing (whiteblaze.net) | E6: 24.4 days.......(40.3)...........Fontana to Damascus (24 days)
A7: WhiteBlaze Post Offices | B7: 2020 Appalachian Trail Post Offices listing (whiteblaze.net) | E7: 28.7 days.......(69.0)...........Damascus to Waynesboro (28 days)
A8: WhiteBlaze Resupply | B8: Appalachian Trail Resupply listing (whiteblaze.net) | E8: 11.2 days.......(80.2)...........Waynesboro to Harpers Ferry (11 days)
A9: WhiteBlaze Shelters | B9: Appalachian Trail Shelter listing 2020 (whiteblaze.net) | E9: 19.2 days.......(99.3)...........Harpers Ferry to DWG (19 days)
A10: WhiteBlaze Hiking Rates | B10: WhiteBlaze - AT Hiking Rates, Section by Section | C10: -----------------------------> | E10: 12.6 days......(111.9)...........DWG to Kent (12 days)
E11: 23.5 days......(135.4)...........Kent to Glencliff (23.2 days)
A12: Shelters by Mileage | B12: Appalachian Trail Shelters by Mileage | AppalachianTrailTravelGuide.com | E12: 9.7 days........(145.1)..........Glencliff to Gorham (10 days)
E13: 9.9 days........(155.0)..........Gorham to Stratton (9.85 days)
E14: 13.7 days...... (168.8)..........Stratton to Katahdin (13.6 days)
A16: Sample Mail label | E16: TABLE 2 -- Miles Per Day and Miles Per Hiking Day
A18: David P. Smith | E18: MPD ~~~~~~~ MPHD ~~~~~~ SECTION
A19: 2857 Godfrey Road | E19: 9.4 miles..........(10.1 miles).........Springer to Georgia Border (75.6 miles)
A20: Glen Rock, PA 17327 | E20: 11.2 miles........(12.0 miles).........Georgia Border to Fontana (87.5 miles)
E21: 12.2 miles........(14.0 miles).........Fontana to Damascus (297.1 miles)
E22: 13.4 miles........(15.9 miles).........Damascus to Waynesboro (388.6 miles)
E23: 14.4 miles........(16.8 miles).........Waynesboro to Harpers Ferry (161.1 miles)
E24: 13.9 miles........(16.8 miles).........Harpers Ferry to DWG (270.3 miles)
E25: 13.9 miles........(16.1 miles).........DWG to Kent (172.4 miles)
E26: 14.0 miles........(15.5 miles).........Kent to Glencliff (323.8 miles)
B27: David P. Smith | E27: 10.5 miles........(11.4 miles).........Glencliff to Gorham (100.6 miles)
B28: c/o General Delivery | E28: 11.1 miles........(12.5 miles).........Gorham to Stratton (110.1 miles)
B29: 2078 STATE HIGHWAY 60 | E29: 13.6 miles........(14.7 miles).........Stratton to Katahdin (187.9 miles)
B30: SUCHES, GA 30572-9998 | E30: 12.9 miles........(14.7 miles).........The entire AT (2175.0 miles)
A36: Please hold for Appalachian Trail Hiker
A38: Approximate Pick-Up Date: ____________________

Sheet PriceCalc
A2: Mail drops
A3: Re-supply
A4: hostels
A5: hotels
A6: eat out
A7: In town
A9: * Check Whiteblaze.net for details on PO's, hostels, shelters and other info.
